-- phpMyAdmin SQL Dump
-- version 4.6.6
-- https://www.phpmyadmin.net/
--
-- Host: localhost
-- Generation Time: Nov 02, 2018 at 09:37 AM
-- Server version: 5.7.17-log
-- PHP Version: 7.1.1

SET SQL_MODE = "NO_AUTO_VALUE_ON_ZERO";
SET time_zone = "+00:00";


/*!40101 SET @OLD_CHARACTER_SET_CLIENT=@@CHARACTER_SET_CLIENT */;
/*!40101 SET @OLD_CHARACTER_SET_RESULTS=@@CHARACTER_SET_RESULTS */;
/*!40101 SET @OLD_COLLATION_CONNECTION=@@COLLATION_CONNECTION */;
/*!40101 SET NAMES utf8mb4 */;

--
-- Database: `thesis`
--
CREATE DATABASE IF NOT EXISTS `thesis` DEFAULT CHARACTER SET utf8 COLLATE utf8_general_ci;
USE `thesis`;

-- --------------------------------------------------------

--
-- Table structure for table `admin`
--

CREATE TABLE `admin` (
  `AdminID` varchar(20) CHARACTER SET utf8 COLLATE utf8_bin NOT NULL,
  `Admin_pass` varchar(20) NOT NULL,
  `TitleName` tinyint(2) UNSIGNED ZEROFILL DEFAULT NULL,
  `Fname` varchar(100) DEFAULT NULL,
  `Lname` varchar(100) DEFAULT NULL,
  `Email` varchar(100) DEFAULT NULL,
  `Tel` varchar(10) DEFAULT NULL
) ENGINE=InnoDB DEFAULT CHARSET=utf8;

--
-- Dumping data for table `admin`
--

INSERT INTO `admin` (`AdminID`, `Admin_pass`, `TitleName`, `Fname`, `Lname`, `Email`, `Tel`) VALUES
('admin', '1234', 01, 'Yutthasard', 'Norkhuntod', 'yudthasard.no@rmuti.ac.th', '0864513711');

-- --------------------------------------------------------

--
-- Table structure for table `advisor`
--

CREATE TABLE `advisor` (
  `AdvisorID` tinyint(4) UNSIGNED ZEROFILL NOT NULL,
  `TitleName` tinyint(2) UNSIGNED ZEROFILL DEFAULT NULL,
  `Fname_En` varchar(100) DEFAULT NULL,
  `Lname_En` varchar(100) DEFAULT NULL,
  `Fname_Th` varchar(100) DEFAULT NULL,
  `Lname_Th` varchar(100) DEFAULT NULL,
  `Faculty` varchar(4) DEFAULT NULL,
  `Department` varchar(4) DEFAULT NULL
) ENGINE=InnoDB DEFAULT CHARSET=utf8;

--
-- Dumping data for table `advisor`
--

INSERT INTO `advisor` (`AdvisorID`, `TitleName`, `Fname_En`, `Lname_En`, `Fname_Th`, `Lname_Th`, `Faculty`, `Department`) VALUES
(0001, 03, 'Supap', 'Kanpain', 'สุภาพ', 'การเพียร', NULL, NULL),
(0002, 03, 'Supattra', 'Kerdmec', 'สุภัทรา', 'เกิดเมฆ', '1700', '1733'),
(0003, 01, 'Witaya', 'Srikul', 'วิทยา', 'ศรีกุล', '1700', '1733'),
(0004, 02, 'Tipa', 'Kongsrima', 'ทิพา', 'กองศรีมา', '1700', '1733'),
(0005, 01, 'Chitisan', 'Wichito', 'ชิติสรรค์', 'วิชิโต', '1700', '1733'),
(0006, 01, 'Prakai', 'Nadee', 'ประกาย', 'นาดี', '1700', '1733'),
(0007, 01, 'Sanan', 'Janprom', 'สนั่น', 'จันทร์พรม', '1700', '1733'),
(0008, 02, 'Kedkarn', 'Chaiyakun', 'เกตุกาญจน์', 'ไชยขันธุ์', '1700', '1733'),
(0009, 01, 'Somboon', 'Jongpuangklang', 'สมบูรณ์', 'จงพ่วงกลาง', NULL, NULL),
(0010, 01, 'Wudthipong', 'Pichitwong', 'วุฒิพงษ์', 'พิชิตวงศ์', '1700', '1733'),
(0011, 01, 'Poomipat', 'Tavechodpanit', 'ภูมิพัฒน์', 'ทวีโชติพาณิชย์', NULL, NULL),
(0012, 01, 'Jatporn', 'Chotruro', 'จตุพร', 'โคตรุโร', NULL, NULL),
(0013, 05, 'Somchai', 'Srisakultiew', 'สมชาย', 'ศรีสกุลเตียว', '1700', '1733'),
(0014, 01, 'Drunsin', 'Kunawetchakit', 'ดรุณ', 'คุณาเวชกิจ', NULL, NULL),
(0015, 01, 'Thammakorn', 'Krongtripop', 'ธรรมกร', 'ครองไตรภพ', '1700', '1733'),
(0016, 01, 'Pichet', 'Klongpiak', 'พิเชษฐ์', 'คล่องพิทักษ์', NULL, NULL),
(0017, 13, 'Sompob', 'Petrak', 'สมภพ', 'เพ็ชรรักษ์', NULL, NULL),
(0018, 05, 'Lsaree', 'Wongsresai', 'อิสรีย์', 'วงศ์ศรีใส', NULL, NULL),
(0019, 03, 'Surang', 'Sarinyamas', 'สุรางค์', 'ศริญญามาศ', NULL, NULL),
(0020, 01, 'Chaichan', 'Kanrayanee', 'ชัยชาญ', 'กัลยาณี', NULL, NULL),
(0021, 02, 'Kitima', 'Kitirattrakarn', 'กิติมา', 'กิติรัตน์ตระการ', NULL, NULL),
(0022, 03, 'Nidtaya', 'Rojhtinagon', 'นิตยา', 'โรจน์ทนิกร', NULL, NULL),
(0023, 01, 'Thanongsak', 'Maktong', 'ทนงศักดิ์', 'มากทอง', NULL, NULL),
(0024, 01, 'Puttawud', 'Leekruntorn', 'พุทธาวุฒิ', 'ลีกุลธร', '1700', '1733'),
(0025, 05, 'Pornpassorn', 'Onkerd', 'พรภัสสร', 'อ่อนเกิด', '1700', '1733'),
(0026, 05, 'Apichat', 'Terapasirdsin', 'อภิชาต', 'ติรประเสริฐสนิ', '1700', '1733'),
(0027, 01, 'Amnuay', 'Teejantuk', 'อํานวย', 'ที่จันทึก', NULL, NULL),
(0028, 01, 'Sommai', 'Pimngen', 'สมหมาย', 'พิมพ์เงิน ', NULL, NULL),
(0029, 01, 'Drunsin', 'Kunawetchakit', 'ดรุณ', 'คุณาเวชกิจ', NULL, NULL),
(0030, 01, 'Thakor', 'Yhungbun', 'ฐากร', 'ยังบุญ', NULL, NULL),
(0031, 03, 'Yanisa', 'Tesana', 'ญานิศา เทศนา ', 'เทศนา ', NULL, NULL);

-- --------------------------------------------------------

--
-- Table structure for table `category`
--

CREATE TABLE `category` (
  `CategoryID` tinyint(2) UNSIGNED ZEROFILL NOT NULL,
  `Category_En` varchar(100) DEFAULT NULL,
  `Category_Th` varchar(100) DEFAULT NULL
) ENGINE=InnoDB DEFAULT CHARSET=utf8;

--
-- Dumping data for table `category`
--

INSERT INTO `category` (`CategoryID`, `Category_En`, `Category_Th`) VALUES
(01, 'Hardware', 'ฮาร์ดแวร์'),
(02, 'Software', 'ซอฟต์แวร์'),
(03, 'Networt', 'เครือข่าย');

-- --------------------------------------------------------

--
-- Table structure for table `course`
--

CREATE TABLE `course` (
  `CourseID` tinyint(2) UNSIGNED ZEROFILL NOT NULL,
  `Course` varchar(50) NOT NULL
) ENGINE=InnoDB DEFAULT CHARSET=utf8;

--
-- Dumping data for table `course`
--

INSERT INTO `course` (`CourseID`, `Course`) VALUES
(01, 'หลักสูตรปกติ'),
(02, 'หลักสูตรเทียบโอนผลการเรียน');

-- --------------------------------------------------------

--
-- Table structure for table `department`
--

CREATE TABLE `department` (
  `DepartmentID` varchar(4) NOT NULL,
  `DaptName_En` varchar(100) DEFAULT NULL,
  `DaptName_Th` varchar(100) DEFAULT NULL
) ENGINE=InnoDB DEFAULT CHARSET=utf8;

--
-- Dumping data for table `department`
--

INSERT INTO `department` (`DepartmentID`, `DaptName_En`, `DaptName_Th`) VALUES
('1521', 'Accounting', 'การบัญชี'),
('1522', 'Finance', 'การเงิน'),
('1523', 'Marketing', 'การตลาด'),
('1531', 'Information Systems', 'ระบบสารสนเทศ'),
('1532', 'Management', 'การจัดการ'),
('1621', 'Math and Statistics', 'คณิตศาสต์และสถิติ'),
('1622', 'Applied Chemistry', 'เคมีประยุกต์'),
('1623', 'Applied Physics', 'ฟิสิกส์ประยุกต์'),
('1624', 'Applied Biology', 'ชีววิทยาประยุกต์'),
('1625', 'Information and Communication Technology', 'เทคโนโลยีสารสนเทศและการสื่อสาร (ICT)'),
('1626', 'Agriculture and Environment', 'เทคโนโลยีการเกษตรและสิ่งแวดล้อม'),
('1631', 'Social Science', 'สังคมศาสตร์'),
('1632', 'Humanities', 'มนุษศาสตร์'),
('1721', 'Civil Engineering', 'วิศวกรรมโยธา'),
('1722', 'Survey Engineering', 'วิศวกรรมสำรวจ'),
('1731', 'Electrical Engineering', 'วิศวกรรมไฟฟ้า'),
('1732', 'Telecommunication Engineering', 'วิศวกรรมโทรคมนาคม'),
('1733', 'Computer Engineering', 'วิศวกรรมคอมพิวเตอร์'),
('1734', 'Electronic Engineering', 'วิศวกรรมอิเล็กทรอนิกส์'),
('1741', 'Mechanical Engineering', 'วิศวกรรมเครื่องกล'),
('1742', 'Agricultural Machinery Engineering', 'วิศวกรรมเครื่องจักรกลเกษตร'),
('1743', 'Postharvest and Processing Engineering', 'วิศวกรรมหลังการเก็บเกี่ยวและแปรสภาพ'),
('1744', 'Automotive Engineering', 'วิศวกรรมยานยนต์'),
('1745', 'Refrigeration Engineering and Air Conditioning', 'วิศวกรรมทำความเย็นและการปรับอากาศ'),
('1746', 'Mechatronics Engineering', 'วิศวกรรมแมคคาทรอนิกส์'),
('1751', 'Industrial Engineering', 'วิศวกรรมอุตสาหการ'),
('1752', 'Materials Engineering', 'วิศวกรรมวัสดุ'),
('1821', 'Painting', 'จิตรกรรม'),
('1822', 'Graphic Arts', 'ศิลปะภาพพิมพ์'),
('1823', 'Sculpture', 'ประติมากรรม'),
('1824', 'Visual Arts', 'ทัศนศิลป์'),
('1825', 'Industrial Products Design', 'ออกแบบผลิตภันฑ์อุตสาหกรรม'),
('1826', 'Ceramic Design', 'ออกแบบเซรามิก'),
('1827', 'Packaging Design', 'ออกแบบบรรจุภันฑ์'),
('1828', 'Communication Design Technology', 'เทคโนโลยีออกแบบนิเทศศิลป์'),
('1831', 'Architecture', 'สถาปัตยกรรม'),
('1832', 'Interior Architecture', 'สถาปัตยกรรมภายใน'),
('1833', 'Town Planning', 'การจัดการผังเมือง'),
('1834', 'Multimedia Technology', 'เทคโนโลยีมัลติมีเดีย');

-- --------------------------------------------------------

--
-- Table structure for table `department_course`
--

CREATE TABLE `department_course` (
  `Department` varchar(4) NOT NULL,
  `Course` tinyint(2) UNSIGNED ZEROFILL NOT NULL
) ENGINE=InnoDB DEFAULT CHARSET=utf8;

--
-- Dumping data for table `department_course`
--

INSERT INTO `department_course` (`Department`, `Course`) VALUES
('1521', 01),
('1522', 01),
('1523', 01),
('1531', 01),
('1532', 01),
('1621', 01),
('1622', 01),
('1623', 01),
('1624', 01),
('1625', 01),
('1626', 01),
('1631', 01),
('1632', 01),
('1721', 01),
('1722', 01),
('1731', 01),
('1732', 01),
('1733', 01),
('1734', 01),
('1741', 01),
('1742', 01),
('1743', 01),
('1744', 01),
('1745', 01),
('1746', 01),
('1751', 01),
('1752', 01),
('1821', 01),
('1822', 01),
('1823', 01),
('1824', 01),
('1825', 01),
('1826', 01),
('1827', 01),
('1828', 01),
('1831', 01),
('1832', 01),
('1833', 01),
('1834', 01),
('1521', 02),
('1522', 02),
('1523', 02),
('1531', 02),
('1532', 02),
('1621', 02),
('1622', 02),
('1623', 02),
('1624', 02),
('1625', 02),
('1626', 02),
('1631', 02),
('1632', 02),
('1721', 02),
('1722', 02),
('1731', 02),
('1732', 02),
('1733', 02),
('1734', 02),
('1741', 02),
('1742', 02),
('1743', 02),
('1744', 02),
('1745', 02),
('1746', 02),
('1751', 02),
('1752', 02),
('1821', 02),
('1822', 02),
('1823', 02),
('1824', 02),
('1825', 02),
('1826', 02),
('1827', 02),
('1828', 02),
('1831', 02),
('1832', 02),
('1833', 02),
('1834', 02);

-- --------------------------------------------------------

--
-- Table structure for table `faculty`
--

CREATE TABLE `faculty` (
  `FacultyID` varchar(4) NOT NULL,
  `FacultyName_En` varchar(100) DEFAULT NULL,
  `FacultyName_Th` varchar(100) DEFAULT NULL
) ENGINE=InnoDB DEFAULT CHARSET=utf8;

--
-- Dumping data for table `faculty`
--

INSERT INTO `faculty` (`FacultyID`, `FacultyName_En`, `FacultyName_Th`) VALUES
('1500', 'Business Administration', 'บริหารุรกิจ'),
('1600', 'Science and Liberal Arts', 'วิทยาศาสตร์และศิลปศาสตร์'),
('1700', 'Engineering and Architecture', 'วิศวกรรมศาสตร์และสถาปัตยกรรมศาสตร์'),
('1800', 'Fine Arts and Industrial Design', 'ศิลปกรรมและออกแบบอุตสาหกรรม');

-- --------------------------------------------------------

--
-- Table structure for table `member`
--

CREATE TABLE `member` (
  `MemID` varchar(20) CHARACTER SET utf8 COLLATE utf8_bin NOT NULL,
  `Mem_pass` varchar(20) NOT NULL,
  `MemType` tinyint(2) UNSIGNED ZEROFILL DEFAULT NULL,
  `TitleName` tinyint(2) UNSIGNED ZEROFILL DEFAULT NULL,
  `Fname` varchar(100) DEFAULT NULL,
  `Lname` varchar(100) DEFAULT NULL,
  `Email` varchar(30) DEFAULT NULL,
  `Tel` varchar(10) DEFAULT NULL,
  `Faculty` varchar(4) DEFAULT NULL,
  `Department` varchar(4) DEFAULT NULL
) ENGINE=InnoDB DEFAULT CHARSET=utf8;

--
-- Dumping data for table `member`
--

INSERT INTO `member` (`MemID`, `Mem_pass`, `MemType`, `TitleName`, `Fname`, `Lname`, `Email`, `Tel`, `Faculty`, `Department`) VALUES
('knot', '2222', 01, 01, 'ฉันทวุฒิ', 'รวมใหม่', 'cw@rmuti.ac.th', '0956300226', '1700', '1751'),
('kok', '8888', 02, 12, 'ทดสอบลองดูชื่อยาว', 'ทดสอบ', 'd@gmail.com', '', '1500', '1531'),
('noti', '12345', 01, 01, 'ผมไม่เล็ก', 'นะครับ', 'noti@gmail.com', '', '1700', '1721'),
('pon', '1111', 01, 01, 'ปรมัตถ์', 'แนบกระโทก', 'paramat.na@rmuti.ac.th', '0625336759', '1700', '1733'),
('pp', '1234', 01, 03, 'พรนภา', 'เภาพันธ์', 'pp@rmuti.ac.th', '0864513711', '1600', '1625');

-- --------------------------------------------------------

--
-- Table structure for table `membertype`
--

CREATE TABLE `membertype` (
  `MemberTypeID` tinyint(2) UNSIGNED ZEROFILL NOT NULL,
  `MemberType` varchar(100) DEFAULT NULL
) ENGINE=InnoDB DEFAULT CHARSET=utf8;

--
-- Dumping data for table `membertype`
--

INSERT INTO `membertype` (`MemberTypeID`, `MemberType`) VALUES
(01, 'นักศึกษา'),
(02, 'อาจารย์'),
(03, 'บุคลากร'),
(04, 'ผู้ใช้ภายนอก');

-- --------------------------------------------------------

--
-- Table structure for table `provider`
--

CREATE TABLE `provider` (
  `ProviderID` tinyint(4) UNSIGNED ZEROFILL NOT NULL,
  `TitleName` tinyint(2) UNSIGNED ZEROFILL NOT NULL,
  `Fname_En` varchar(100) NOT NULL,
  `Lname_En` varchar(100) NOT NULL,
  `Fname_Th` varchar(100) NOT NULL,
  `Lname_Th` varchar(100) NOT NULL,
  `Faculty` varchar(4) DEFAULT NULL,
  `Department` varchar(4) DEFAULT NULL,
  `Course` tinyint(2) UNSIGNED ZEROFILL DEFAULT NULL,
  `Thesis` tinyint(4) UNSIGNED ZEROFILL DEFAULT NULL
) ENGINE=InnoDB DEFAULT CHARSET=utf8;

--
-- Dumping data for table `provider`
--

INSERT INTO `provider` (`ProviderID`, `TitleName`, `Fname_En`, `Lname_En`, `Fname_Th`, `Lname_Th`, `Faculty`, `Department`, `Course`, `Thesis`) VALUES
(0001, 01, 'lfdk', 'Netpuntung', 'น็อต', 'เนตรพันทั้ง', '1500', '1522', 01, 0140),
(0002, 01, 'Sarawut ', 'Singnan', 'สราวุธ', 'สิงห์นันท์', '1700', '1733', 01, 0139),
(0003, 01, 'Anil ', 'Vinatesakun', 'อนิล ', 'วิเนตรสกุล', '1700', '1733', 01, 0139),
(0004, 01, 'Kongkeit\r\n', 'Keitjaroensuk', 'ก้องเกียรติ', 'เกียรติเจริญสุข', '1700', '1733', 01, 0138),
(0005, 01, 'Kanitakan ', 'Junsuta ', 'คณิตการ ', 'จันสุตะ', '1700', '1733', 01, 0138),
(0006, 01, 'Patchek', 'Rankhamrat', 'ปัจเจก ', 'ราญคํารัตน์', '1700', '1733', 01, 0054),
(0007, 01, 'Somyot', 'Mykhunthod', 'สมยศ', 'มายขุนทด', '1700', '1733', 01, 0054),
(0008, 01, 'Nuttawut', 'Rattanakorn', 'ณัฐวุฒิ', 'รัตนกร', '1700', '1733', 01, 0053),
(0009, 01, 'Trijug', 'Juansang', 'ไตรจักร', 'จวนสาง', '1700', '1733', 01, 0053),
(0010, 01, 'Nuttapon', 'Warin', 'ณัฐพล', 'วารินทร์', '1700', '1733', 01, 0053),
(0011, 01, 'Malik', 'Somjit', 'มาลิค', 'สมจิตต์ ', '1700', '1733', 01, 0053),
(0012, 01, 'Piyawa', 'Khumbai', 'ปิยะวัฒน์', 'คําใบ', '1700', '1733', 01, 0052),
(0013, 01, 'Jukgrit', 'Buaphan', 'จักร์กฤษ', 'บัวพันธุ์ ', '1700', '1733', 01, 0052),
(0014, 01, 'Uthai\r\n', 'Ngamna\r\n', 'อุทัย', 'งามนา', '1700', '1733', 01, 0023),
(0015, 01, 'Supachai', 'Junthai', 'ศุภชัย', 'จันทร์ไทย', '1700', '1733', 01, 0023),
(0016, 01, 'Chutrapee', 'Popitikul ', 'ฉัฐระพี', 'โพธิ์ปิติกุล', '1700', '1733', 01, 0130),
(0018, 01, 'Thaweerat', 'Singha', 'ทวีรัตน์', 'สิงหา', '1700', '1733', 01, 0129),
(0024, 01, 'Sakda', 'Somya', 'ศักดิ์ดา', 'สมยา', '1700', '1733', 01, 0051),
(0025, 03, 'Apakorn', 'Kaewmoongkhoon', 'อาภากร', 'แก้วมูลคูณ', '1700', '1733', 01, 0051),
(0026, 01, 'Kanawut', 'Janphen', 'จันทร์เพ็ญ', 'คณาวุฒิ', '1700', '1733', 01, 0049),
(0027, 01, 'Sarawut', 'Sutra', 'สราวุธ', 'สุธา', '1700', '1733', 01, 0049),
(0028, 01, 'Chaiwat', 'Dangchuntuk', 'ชัยวัฒน์', 'แดงจันทึก', '1700', '1733', 01, 0048),
(0029, 01, 'Warhar', 'Jaijang', 'เวหา', 'ใจแจ้ง', '1700', '1733', 01, 0048),
(0030, 01, 'Wutthipong', 'Udompan', 'วุฒิพงษ์', 'อุดมพันธ์', '1700', '1733', 01, 0047),
(0031, 01, 'Kittichai', 'Utaileang', 'กิตติชัย', 'อุทัยเลี้ยง', '1700', '1733', 01, 0047),
(0032, 01, 'Sutairapong ', 'Thana-apisitsopon', 'สุเธียรพงศ์', 'ธนาอภิสิทธิ์โสภณ', '1700', '1733', 01, 0047),
(0033, 01, 'Tawee', 'Nuangchomphu', 'ทวี', 'เนื่องชมภู', '1700', '1733', 01, 0046),
(0034, 01, 'Surachat', 'Akpaithoon', 'สุรชาติ', 'เอกไพฑูรย์', '1700', '1733', 01, 0046),
(0035, 01, 'Yoottapon', 'Monklang', 'ยุทธพล', 'มอญกลาง', '1700', '1733', 01, 0044),
(0036, 01, 'Chanchai', 'Hawong', 'ชาญชัย\r\n', 'หาวงค์\r\n', '1700', '1733', 01, 0043),
(0037, 01, 'Artit', 'Choongthai', 'อาทิตย์', 'จุงไทย', '1700', '1733', 01, 0043),
(0039, 01, 'Jatuporn', 'Kotruro', 'จตุพล', 'โคตรุโร', '1700', '1733', 02, 0057),
(0040, 01, 'Ruangsak', 'Sintudet', 'เรืองศักดิ์', 'สินธุเดช', '1700', '1733', 01, 0056),
(0041, 01, 'Anusit', 'Channarong', 'อนุสิทธิ์', 'ชาญณรงค์', '1700', '1733', 01, 0056),
(0042, 01, 'Teerawat\r\n', 'Yailee-ang\r\n', 'ธีรวัฒน์ ใยอ่าง\r\n', 'ธีรวัฒน์ ใยอ่าง\r\n', '1700', '1733', 01, 0055),
(0043, 01, 'Amonthep', 'Thongsontia', 'อมรเทพ ธงสันเทียะ', 'อมรเทพ ธงสันเทียะ', '1700', '1733', 01, 0055),
(0044, 01, 'Arnon', 'Wernsuntia', 'อานนท์', 'เวินสัน', '1700', '1733', 01, 0106),
(0045, 03, 'Apichaya', 'Chaiwichaen', 'อภิชญา', 'ชัยวิเชียร', '1700', '1733', 01, 0106),
(0046, 01, 'Udomsak', 'Maineawklang ', 'อุดมศักดิ์', 'หมายเหนี่ยวกลาง', '1700', '1733', 01, 0105),
(0047, 01, 'Thiwa\r\n', 'Jampaphan\r\n', 'ธวา', 'จําปาพันธ์', '1700', '1733', 01, 0105),
(0048, 01, 'Panuwat', 'Wundondang', 'ภานุวัฒน์', 'วันดอนแดง', '1700', '1733', 01, 0104),
(0049, 01, 'Visit', 'Wirunbutr ', 'วิศิษฐ์ ฉัตรพิมลรัตน์', 'วิศิษฐ์ ฉัตรพิมลรัตน์', '1700', '1733', 01, 0104),
(0050, 01, 'Anuruk', 'Khosermklang', 'อนุรักษ์', 'ขอเสริมกลาง', '1700', '1733', 01, 0103),
(0051, 01, 'Chaowalit', 'Thakeang', 'เชาวลิต', 'ทาแก้ง', '1700', '1733', 01, 0103),
(0054, 03, 'Nitcha', 'Rodpongsa', 'ณิชชา', 'รอดพงษา', '1700', '1733', 01, 0102),
(0055, 01, 'Sakda\r\n', 'Khaidon\r\n', 'ศักดา', 'คล้ายดอน', '1700', '1733', 01, 0101),
(0056, 01, 'Thichakorn', 'Tulskul', 'ทิชากร', 'ตันสกุล', '1700', '1733', 01, 0101),
(0057, 01, 'Jiradesh', 'Kumpas', 'จิระเดช', 'คําภาส', '1700', '1733', 01, 0100),
(0058, 01, 'Suphamit', 'Sorntitikarn', 'ศุภมิตร', 'ศรฐิติการ', '1700', '1733', 01, 0100),
(0059, 01, 'Yongyuth', 'Chaisong', 'ยงยุทธ', 'ไชสงค์', '1700', '1733', 01, 0099),
(0060, 01, 'Titiwat', 'Kumkaun', 'ฐิติวัฒน์', 'คําควร ', '1700', '1733', 01, 0099),
(0061, 01, 'Tanitsak', 'Leenavuttiwat', 'ธนิตศักดิ์', 'ลีนะวุฒิวัฒน์', '1700', '1733', 01, 0097),
(0062, 01, 'Jumvut', 'Jamduang ', 'เจิมวุฒิ', 'แจ่มควง', '1700', '1733', 01, 0097),
(0063, 01, 'Santisook', 'Doawdon\r\n', 'สันติสุข', 'ดาวดอน', '1700', '1733', 01, 0096),
(0064, 01, 'Thawatchai', 'WiFunbut', 'ธวัชชัย', 'วิรุฬบุตร', '1700', '1733', 01, 0096),
(0065, 01, 'Chalramchai Lekkrathok ', 'Chalramchai Lekkrathok ', 'เฉลิมชัย เล็กกระโทก', 'เฉลิมชัย เล็กกระโทก', '1700', '1733', 01, 0171),
(0066, 01, 'Pattarapong', 'Areepong', 'ภัทรพงษ์ อารีพงษ์', 'ภัทรพงษ์ อารีพงษ์', '1700', '1733', 01, 0171),
(0067, 01, 'Adirak', 'Tanlae', 'อดิเรก', 'ต้นเล', '1700', '1733', 01, 0170),
(0068, 01, 'Teerasan', 'Mingmernwai', 'ธีรศานต์', 'มิ่งหมื่นไวย', '1700', '1733', 01, 0170),
(0069, 03, 'RaTree', 'Chasanthia', 'ราตรี', 'ฉาสันเทียะ', '1700', '1733', 01, 0169),
(0070, 03, 'Amornrat', 'Rangpong', 'อมรรัตน์', 'รังพงษ์', '1700', '1733', 01, 0169),
(0071, 01, 'Wasaporn', 'Konngam', 'วัสพร', 'คนงาม', '1700', '1733', 01, 0168),
(0072, 01, 'Kovit', 'Deejai', 'โกวิทย์', 'ดีใจ', '1700', '1733', 01, 0168),
(0073, 01, 'Krissada\r\n', 'Champapan\r\n', 'นายกฤษฎา', 'จําปาพันธ์ ', '1700', '1733', 01, 0167),
(0074, 03, 'Pornnipa', 'Duangjit', 'ภรณ์นิภา', 'ควงจิตร์', '1700', '1733', 01, 0167),
(0075, 01, 'Adirek', 'Ananputtikun', 'อดิเรก', 'อนันต์พุฒิกุล', '1700', '1733', 01, 0166),
(0076, 01, 'Dusit', 'Somprakhon', 'ดุสิต', 'โสมประโคน', '1700', '1733', 01, 0165),
(0077, 01, 'Jakkapan', 'Chaisen', 'จักรพันธ์', 'ชัยเสน', '1700', '1733', 01, 0165),
(0078, 01, 'Akkarat\r\n\r\n', 'Bunsisod\r\n', 'เอกรัฐ', 'บุญสีสด ', '1700', '1733', 01, 0164),
(0079, 01, 'Kultawat', 'Anantaphoom', 'กุลธวัช', 'อนันตภูมิ', '1700', '1733', 01, 0163),
(0080, 01, 'Wiwatcharin', 'Maipluang', 'วิวัชรินทร์', 'ไม้พลวง', '1700', '1733', 01, 0162),
(0081, 01, 'Panupong', 'Donkratok', 'ภาณุพงษ์', 'ดอนกระโทก', '1700', '1733', 01, 0162),
(0082, 01, 'Mongkhol', 'Thongkham', 'นายมงคล', 'ทองคํา', '1700', '1733', 01, 0200),
(0083, 01, 'Palagon', 'Chansoongnern', 'พลากร', 'ชาญสูงเนิน', '1700', '1733', 01, 0200),
(0084, 01, 'Suksan', 'Promwan', 'สุขสันต์', 'พรมวรรณ์', '1700', '1733', 01, 0199),
(0085, 01, 'Watchara\r\n', 'Niram\r\n', 'วัชระ', 'นิรัมย์', '1700', '1733', 01, 0199),
(0086, 01, 'Wongsagorn', 'Satrattanased', 'วงศกร', 'สัตรัตนเศรษฐ์', '1700', '1733', 01, 0198),
(0087, 03, 'Nuttawadee', 'Mungriabklang', 'ณัฐวดี', 'มุ่งเรียบกลาง', '1700', '1733', 01, 0198),
(0088, 01, 'Jakkit', 'Sanam-ang', 'จักรกฤษ์', 'สาน้ําอ่าง', '1700', '1733', 01, 0197),
(0089, 01, 'Thongchai', 'Pakdeeklang', 'ธงชัย', 'ภักดีกลาง', '1700', '1733', 01, 0197),
(0090, 01, 'Sompop', 'Pimanram', 'สมภพ', 'พิมานรัมย์', '1700', '1733', 01, 0196),
(0091, 01, 'Tanawit\r\n', 'Sittiwat\r\n', 'ธนาวิทย์', 'สิทธิวัชร', '1700', '1733', 01, 0196),
(0092, 01, 'Panuwat\r\n\r\n', 'Sanglert\r\n', 'ภาณุวัฒน์', 'แสงเลิศ', '1700', '1733', 01, 0195),
(0093, 01, 'Korakot\r\n\r\n', 'Hongthong\r\n', 'กรกต', 'หงษ์ทอง ', '1700', '1733', 01, 0195),
(0094, 01, 'Bordin\r\n\r\n', 'Onsaphiv\r\n', 'บดินทร์', 'อ่อนชาผิว', '1700', '1733', 01, 0194),
(0095, 01, 'Akoom\r\n\r\n', 'Sangtit\r\n', 'อาคม', 'แสงทิตย์', '1700', '1733', 01, 0194),
(0096, 01, 'Attachai', 'Thongbang', 'อรรถชัย', 'ทองบาง', '1700', '1733', 01, 0193),
(0097, 01, 'Wissakorn', 'Siangwithan', 'วิสกร', 'เสี่ยงวิฐาน', '1700', '1733', 01, 0192),
(0098, 01, 'Patiparn', 'Ponpadung', 'ปฏิภาณ', 'ผลผดุง', '1700', '1733', 01, 0191),
(0099, 01, 'Phakhinai', 'Maisuk', 'ภาคินัย', 'หมายสุข', '1700', '1733', 01, 0191),
(0100, 01, 'Trirong\r\n\r\n', 'Chatwong\r\n', 'ไตรรงค์', 'ชาติวงศ์', '1700', '1733', 01, 0002),
(0101, 03, 'Anothai', 'Khodwongchan', 'อโณทัย', 'โคตรวงษ์จันทร์', '1700', '1733', 01, 0002),
(0102, 01, 'Kittichart', 'Charjorhor', 'กิตติชาติ\r\n', 'แชจอหอ\r\n\r\n', '1700', '1733', 01, 0003),
(0103, 01, 'Maitree', 'Klahan', 'ไมตรี\r\n\r\n', 'กล้าหาญ\r\n', '1700', '1733', 01, 0003),
(0104, 01, 'Sermrat', 'Jankamjhon', 'เสริมรัฐ', 'จันทร์คําจร', '1700', '1733', 01, 0004),
(0105, 01, 'Yuttakit', 'Yamkhoksung', 'ยุทธกิจ', 'แย้มโคกสูง', '1700', '1733', 01, 0004),
(0106, 01, '\r\nTossaporn\r\n', 'Deesutti\r\n\r\n', 'ทศพร\r\n', 'สุทธิ\r\n', '1700', '1733', 01, 0005),
(0107, 01, 'Anupong', 'Poonnuttapot', 'อนุพงศ์', 'พูลนัฐพจน์', '1700', '1733', 01, 0005),
(0108, 01, 'Jakwit\r\n', 'Pechsuk\r\n', 'จักรวิทย์', 'เพชรสุข', '1700', '1733', 01, 0006),
(0109, 03, 'Areerat\r\n', 'Jasungnoen\r\n', 'อารีย์รัตน์', 'จะสูงเนิน ', '1700', '1733', 01, 0006),
(0110, 01, 'Teeraphan', 'Chantnam', 'ธีระพันธ์', 'จันทะนาม', '1700', '1733', 01, 0007),
(0111, 01, 'Wuttichai', 'Dumroungphume', 'วุฒิชัย', 'ดํารงค์ภูมิ', '1700', '1733', 01, 0010),
(0112, 01, 'Anurat', 'Chaimaha', 'อนุรัตน์', 'ไชยมหา', '1700', '1733', 01, 0010),
(0113, 01, 'Nawee', 'Nawee', 'นาวี', 'บุญมี', '1700', '1733', 01, 0011),
(0114, 03, 'Rungthida', 'Srikampa', 'รุ่งธิดา', 'ศรีคําภา', '1700', '1733', 01, 0137),
(0115, 01, 'Sirisak\r\n', 'Phomsakhanasakolnakorn', 'ศิริศักดิ์', 'พรหมสาขา ณ สกลนคร', '1700', '1733', 02, 0024),
(0116, 01, 'Kritsada', 'Sanitpoj', 'กฤษฎา', 'สนิทพจน์', '1700', '1733', 02, 0025),
(0117, 01, 'Theerapong', 'Saengsutthi', 'ธีรพงศ์', 'แสงสุทธิ', '1700', '1733', 02, 0025),
(0118, 01, 'Sittichai', 'Kobpradit', 'สิทธิชัย', 'กอบประดิษฐ์', '1700', '1733', 02, 0026),
(0119, 01, 'Piya', 'Boonrat', 'เจษฎาพงษ์', 'ขวัญแก้ว', '1700', '1733', 02, 0026),
(0120, 01, 'Teeranun\r\n\r\n', 'Suksom\r\n', 'ธีรนันทน์', 'สุขสม', '1700', '1733', 02, 0027),
(0121, 01, 'Adisak', 'Srilun', 'อดิศักดิ์', 'ศรีลุน', '1700', '1733', 02, 0028),
(0122, 01, 'Kritapong', 'Duangkae', 'กฤตพงษ์', 'ควงแข', '1700', '1733', 02, 0028),
(0123, 01, 'Chumpon', 'Nanonchai', 'ชุมพล', 'นะโนนชัย', '1700', '1733', 02, 0029),
(0124, 01, 'Sopanat', 'Loysak', 'โสภณัฐ', 'ลอยศักดิ์', '1700', '1733', 02, 0029),
(0125, 01, 'Wittaya', 'Saisombat', 'วิทยา', 'สายสมบัติ', '1700', '1733', 02, 0020),
(0126, 01, 'Nont', 'Potiwara', 'นนท์', 'โพทิวาระ', '1700', '1733', 02, 0020),
(0127, 01, 'Sakon', 'Moonsrikaew', 'สกนธ์', 'มูลศรีแก้ว', '1700', '1733', 02, 0019),
(0128, 01, 'Thitichai', 'Polsri', 'ธิติชัย', 'พลศรี', '1700', '1733', 02, 0018),
(0129, 01, 'Wasan', 'Hokprakon', 'วสันต์', 'หกประโคน', '1700', '1733', 02, 0017),
(0130, 01, 'Nukool\r\n\r\n', 'Yongsuebchat\r\n', 'นุกูล', 'ยงสืบชาติ', '1700', '1733', 02, 0016),
(0131, 03, 'Tukta\r\n', 'Buachai\r\n', 'ตุ๊กตา', 'บัวชัย', '1700', '1733', 02, 0016),
(0132, 01, 'Mongkol', 'Choosrisert', 'มงคล', 'ชูศรีเสริฐ', '1700', '1733', 02, 0014),
(0133, 01, 'Prayoon', 'Srikakul', 'ประยูร', 'ศรีกากุล', '1700', '1733', 02, 0014),
(0134, 01, 'Adisorn', 'Saosila', 'อดิศร', 'เสาศิลา', '1700', '1733', 02, 0014),
(0135, 01, 'Montree', 'Wichakote', 'มนตรี', 'วิชาโคตร', '1700', '1733', 02, 0013),
(0136, 03, 'Sudarat', 'Kamonlert', 'สุดารัตน์', 'กมลเลิศ', '1700', '1733', 02, 0012),
(0137, 01, 'Panuwat', 'Paitakeaw', 'ภานุวัฒน์', 'ไผ่ตาแก้ว', '1700', '1733', 02, 0012),
(0138, 01, 'Bunta', 'Wantanee ', 'บุญตา', 'วันธานี', '1700', '1733', 02, 0012),
(0139, 01, 'Nattapong', 'Peapoo', 'ณัฐพงษ์', 'เพียภู', '1700', '1733', 01, 0042),
(0140, 01, 'Kamolpop', 'Kuadsantia', 'กมลภพ', 'กวดสันเทียะ', '1700', '1733', 01, 0042),
(0141, 01, 'Methawi', 'Phokhai', 'เมธาวี', 'โพธิ์ไข่', '1700', '1733', 02, 0041),
(0142, 01, 'Kanarnake', 'Iamsomboon', 'กัณฑ์อเนก', 'เอี่ยมสมบูรณ์', '1700', '1733', 02, 0041),
(0143, 01, 'Udomsup', 'Faikun', 'อุดมทรัพย์', 'ฝ่ายขันธ์', '1700', '1733', 02, 0037),
(0144, 01, 'Wittaya', 'Kerdsuk', 'วิทยา', 'เกิดสุข ', '1700', '1733', 02, 0037),
(0145, 01, 'Thappharit', 'Chomkhokkruad', 'เทพฤทธิ์', 'ชมโคกกรวด', '1700', '1733', 02, 0036),
(0146, 01, 'Kritsana\r\n', 'Tongdoung\r\n', 'กฤษณะ', 'ทองด้วง', '1700', '1733', 02, 0036),
(0147, 01, 'Somphong', 'Nomkhuntod', 'สมพงษ์', 'โนมขุนทด', '1700', '1733', 02, 0023),
(0148, 01, 'Rerngsak', 'Sayrat', 'เริงศักดิ์', 'สายรัตน์ ', '1700', '1733', 02, 0023),
(0149, 01, 'Virachai', 'Wachaisri', 'วีระชัย', 'วาไชยศรี', '1700', '1733', 02, 0022),
(0150, 01, 'Virapon', 'Jutachai', 'วีระพล', 'หยุยจันทึก', '1700', '1733', 02, 0022),
(0151, 11, 'Patitas', 'Prakobphol', 'ปฏิทัศน์\r\n', 'ประกอบผล ', '1700', '1733', 02, 0080),
(0152, 01, 'Thanachai\r\n\r\n', 'Hengcharoenpoempoon\r\n', 'ธนชัย', 'เฮงเจริญเพิ่มพูน', '1700', '1733', 02, 0080),
(0153, 01, 'Sumit\r\n', 'Boonthos\r\n', 'สุมิตร', 'บุญทศ', '1700', '1733', 02, 0081),
(0154, 01, 'Surachai', 'Tangthong', 'สุรชัย', 'ทั่งทอง', '1700', '1733', 02, 0081),
(0155, 01, 'Supachai', 'Deeduychat', 'ศุภชัย', 'คีด้วยชาติ', '1700', '1733', 02, 0082),
(0156, 01, 'Thanakorn', 'Boonyatammakool\r\n', 'ธนากร', 'บุณยธรรมกุล', '1700', '1733', 02, 0082),
(0157, 01, 'Warin', 'Sopharak\r\n', 'วารินทร์', 'โสภารักษ์', '1700', '1733', 02, 0076),
(0158, 01, 'Witthaya ', 'Boonkrajang', 'วิทยา', 'บุญกระจ่าง', '1700', '1733', 02, 0076),
(0159, 03, 'Sirithorn', 'Sangngam', 'สิริธร', 'แสงงาม', '1700', '1733', 02, 0076),
(0160, 01, 'Narasak\r\n', 'Sae-Lor\r\n', 'นราศักดิ์', 'แซ่ล้อ', '1700', '1733', 02, 0077),
(0161, 01, 'Apichad', 'Littinan', 'อภิชาต', 'ฤทธินันท์', '1700', '1733', 02, 0077),
(0162, 03, 'Cholthicha', 'Sukkamnerd', 'ชลธิชา\r\n\r\n', 'สุขกําเนิด\r\n', '1700', '1733', 02, 0079),
(0163, 01, 'Khomkrit\r\n', 'Pungsungnoen\r\n', 'คมกฤช', 'จึงสูงเนิน', '1700', '1733', 02, 0091),
(0164, 01, 'Sarawoot', 'noichiang', 'ศราวุธ', 'น้อยเชียง', '1700', '1733', 02, 0091),
(0165, 01, 'Manutsak', 'Chakkrue', 'มนัสศักดิ์\r\n\r\n', 'จักรเครือ\r\n', '1700', '1733', 02, 0092),
(0166, 03, 'Kodchakorn\r\n', 'Seeda\r\n', 'กชกร\r\n\r\n\r\n\r\n', 'สีดา\r\n\r\n', '1700', '1733', 02, 0092),
(0167, 03, 'Kanittha', 'Khanma', 'ขนิษฐา\r\n', 'ขันมา\r\n', '1700', '1733', 02, 0093),
(0168, 01, 'Chaiya\r\n\r\n', 'Butsri \r\n', 'ชัยยา', 'บุทศรี', '1700', '1733', 02, 0093),
(0169, 01, 'Teerawong', 'Ketnok ', 'ธีรวงศ์', 'เกษนอก', '1700', '1733', 01, 0094),
(0170, 01, 'Winai', 'Kansalao ', 'วินัย', 'แก่นเสลา', '1700', '1733', 01, 0094),
(0171, 01, 'Kitti', '\r\nPhuangsri', 'กิตติ\r\n\r\n', 'พวงศรี\r\n', '1700', '1733', 02, 0095),
(0172, 01, 'Natthapong', 'Ob-om', 'ณัฐพงษ์', 'โอบอ้อม', '1700', '1733', 02, 0095),
(0173, 01, 'Matee', 'Panjeen\r\n', 'เมธี', 'ปานจีน', '1700', '1733', 02, 0161),
(0174, 03, 'Watinee', 'Dispakdee', 'วาทินี', 'ดิษฐภักดี', '1700', '1733', 02, 0161),
(0175, 01, 'Warayoot', 'Yotkrai', 'วรายุทธ', 'ยศไกร ', '1700', '1733', 02, 0157),
(0176, 01, 'Numchai', 'Nokkrathok', 'นําชัย', 'นกกระโทก', '1700', '1733', 02, 0157),
(0177, 01, 'Kanok', 'Kinkhuntod', 'กนก', 'คืนขุนทด', '1700', '1733', 02, 0155),
(0178, 01, 'Wiwat', 'Plangklang', 'วิวัฒน์', 'ปลั่งกลาง', '1700', '1733', 02, 0155),
(0179, 03, 'Chindara', 'Niratsoongnern', 'จินดาหรา', 'นิราศสูงเนิน', '1700', '1733', 01, 0229),
(0180, 01, 'Nattanon', 'Thamrongsup', 'ณัฐนนท์', 'ธํารงทรัพย์ ', '1700', '1733', 01, 0229),
(0181, 01, 'Thongchai', 'Sidthikhattkorn', 'ธงไชย', 'สิทธิเขตกรณ์', '1700', '1733', 01, 0231),
(0182, 03, 'Savittree', 'Innok', 'สาวิตรี', 'อินนอก ', '1700', '1733', 01, 0231),
(0183, 01, 'Nithipas', 'Faengphimai', 'นิธิภาส', 'แฝงพิมาย', '1700', '1733', 02, 0233),
(0184, 01, 'Yuttana', 'Kammoon', 'ยุทธนา', 'คํามูล', '1700', '1733', 02, 0233),
(0185, 01, 'Nuttapon', 'Saiwaeaw', 'ณัฐพล', 'สายแวว ', '1700', '1733', 02, 0235),
(0186, 01, 'Teerapon', 'Sangjun', 'ธีระพล', 'แสงจันทร์', '1700', '1733', 02, 0235),
(0187, 01, 'Jirayut', 'Pansri', 'จิรายุทธ', 'พันธุ์ศรี', '1700', '1733', 01, 0237),
(0188, 01, 'Chayapon', 'Phokaew', 'ชยพล', 'โพธิ์แก้ว', '1700', '1733', 01, 0237),
(0189, 01, 'Pongnarin', 'Botsungnern', 'พงศ์นรินทร์', 'บทสูงเนิน', '1700', '1733', 02, 0239),
(0190, 03, 'Watcharawaree', 'Sudchaleaw', 'วัชรวรีย์', 'สุดเฉลียว', '1700', '1733', 02, 0239),
(0191, 03, 'Maneerut', 'Neabchimphli', 'มณีรัตน์', 'แนบฉิมพลี', '1700', '1733', 01, 0008),
(0192, 01, 'Chadchawan', 'Kumpimpa', 'ชัชวาลย์', 'คำพิมพา', '1700', '1733', 01, 0008),
(0193, 01, 'Wutthichai', 'Siridee', 'วุฒิชัย', 'ศิริดี', '1700', '1733', 01, 0009),
(0194, 01, 'Sumet', 'Klahan', 'สุเมธ', 'กล้าหาญ', '1700', '1733', 01, 0009),
(0195, 01, 'Surasak', 'Phoyoi', 'สุรศักดิ์', 'โพธิ์ย้อย', '1700', '1733', 02, 0015),
(0196, 01, 'Marut', 'Chaokhoksung', 'มารุด', 'เชาว์โคกสูง', '1700', '1733', 02, 0015);

-- --------------------------------------------------------

--
-- Table structure for table `provider_advisor`
--

CREATE TABLE `provider_advisor` (
  `Provider` tinyint(4) UNSIGNED ZEROFILL NOT NULL,
  `Advisor` tinyint(4) UNSIGNED ZEROFILL NOT NULL,
  `Status` tinyint(2) UNSIGNED ZEROFILL NOT NULL,
  `Status_Addess` tinyint(2) UNSIGNED ZEROFILL NOT NULL
) ENGINE=InnoDB DEFAULT CHARSET=utf8;

--
-- Dumping data for table `provider_advisor`
--

INSERT INTO `provider_advisor` (`Provider`, `Advisor`, `Status`, `Status_Addess`) VALUES
(0085, 0006, 01, 02),
(0003, 0006, 01, 03),
(0004, 0006, 01, 03),
(0005, 0006, 01, 03),
(0006, 0003, 01, 03),
(0007, 0003, 01, 03),
(0008, 0005, 01, 03),
(0009, 0005, 01, 03),
(0010, 0005, 01, 03),
(0011, 0005, 01, 03),
(0012, 0003, 01, 03),
(0012, 0007, 01, 03),
(0013, 0007, 01, 03),
(0014, 0005, 01, 03),
(0015, 0005, 01, 03),
(0016, 0006, 01, 03),
(0024, 0006, 01, 03),
(0025, 0006, 01, 03),
(0028, 0015, 01, 03),
(0029, 0015, 01, 03),
(0030, 0015, 01, 03),
(0031, 0015, 01, 03),
(0032, 0002, 01, 03),
(0032, 0015, 01, 03),
(0035, 0015, 01, 03),
(0036, 0003, 01, 03),
(0037, 0003, 01, 03),
(0039, 0015, 01, 03),
(0040, 0005, 01, 03),
(0041, 0002, 01, 03),
(0041, 0005, 01, 03),
(0042, 0007, 01, 03),
(0043, 0007, 01, 03),
(0044, 0005, 01, 03),
(0045, 0003, 01, 03),
(0046, 0005, 01, 03),
(0047, 0005, 01, 03),
(0048, 0007, 01, 03),
(0049, 0007, 01, 03),
(0050, 0005, 01, 03),
(0051, 0005, 01, 03),
(0054, 0005, 01, 03),
(0055, 0008, 01, 03),
(0056, 0005, 01, 03),
(0057, 0008, 01, 03),
(0058, 0008, 01, 03),
(0059, 0006, 01, 03),
(0060, 0006, 01, 03),
(0061, 0007, 01, 03),
(0062, 0007, 01, 03),
(0063, 0008, 01, 03),
(0064, 0008, 01, 03),
(0065, 0015, 01, 03),
(0066, 0015, 01, 03),
(0067, 0010, 01, 03),
(0068, 0010, 01, 03),
(0069, 0010, 01, 03),
(0070, 0010, 01, 03),
(0071, 0010, 01, 03),
(0072, 0010, 01, 03),
(0073, 0002, 01, 03),
(0073, 0003, 01, 03),
(0074, 0002, 01, 03),
(0075, 0010, 01, 03),
(0076, 0013, 01, 03),
(0077, 0013, 01, 03),
(0078, 0005, 01, 03),
(0079, 0005, 01, 03),
(0080, 0005, 01, 03),
(0081, 0005, 01, 03),
(0082, 0006, 01, 03),
(0083, 0006, 01, 03),
(0084, 0006, 01, 03),
(0086, 0024, 01, 03),
(0087, 0024, 01, 03),
(0088, 0005, 01, 03),
(0089, 0003, 01, 03),
(0089, 0005, 01, 03),
(0090, 0006, 01, 03),
(0091, 0006, 01, 03),
(0092, 0025, 01, 03),
(0093, 0025, 01, 03),
(0094, 0005, 01, 03),
(0095, 0005, 01, 03),
(0096, 0005, 01, 03),
(0097, 0004, 01, 03),
(0098, 0004, 01, 03),
(0099, 0004, 01, 03),
(0102, 0003, 01, 03),
(0102, 0008, 01, 03),
(0103, 0008, 01, 03),
(0104, 0002, 01, 03),
(0105, 0002, 01, 03),
(0106, 0007, 01, 03),
(0107, 0004, 01, 03),
(0108, 0005, 01, 03),
(0109, 0005, 01, 03),
(0110, 0003, 01, 03),
(0110, 0004, 01, 03),
(0110, 0006, 01, 03),
(0111, 0003, 01, 03),
(0114, 0002, 01, 03),
(0115, 0006, 01, 03),
(0116, 0007, 01, 03),
(0117, 0007, 01, 03),
(0118, 0003, 01, 03),
(0119, 0003, 01, 03),
(0119, 0010, 01, 03),
(0120, 0003, 01, 03),
(0121, 0007, 01, 03),
(0122, 0007, 01, 03),
(0123, 0007, 01, 03),
(0124, 0007, 01, 03),
(0125, 0013, 01, 03),
(0126, 0013, 01, 03),
(0127, 0003, 01, 03),
(0128, 0007, 01, 03),
(0130, 0008, 01, 03),
(0131, 0008, 01, 03),
(0134, 0002, 01, 03),
(0139, 0004, 01, 03),
(0140, 0004, 01, 03),
(0141, 0004, 01, 03),
(0142, 0004, 01, 03),
(0143, 0005, 01, 03),
(0144, 0005, 01, 03),
(0145, 0006, 01, 03),
(0146, 0006, 01, 03),
(0147, 0005, 01, 03),
(0148, 0005, 01, 03),
(0149, 0008, 01, 03),
(0151, 0015, 01, 03),
(0152, 0015, 01, 03),
(0153, 0010, 01, 03),
(0154, 0010, 01, 03),
(0155, 0005, 01, 03),
(0156, 0005, 01, 03),
(0157, 0007, 01, 03),
(0158, 0007, 01, 03),
(0159, 0007, 01, 03),
(0160, 0007, 01, 03),
(0161, 0007, 01, 03),
(0162, 0007, 01, 03),
(0163, 0008, 01, 03),
(0164, 0008, 01, 03),
(0165, 0013, 01, 03),
(0166, 0013, 01, 03),
(0167, 0003, 01, 03),
(0168, 0003, 01, 03),
(0169, 0015, 01, 03),
(0170, 0015, 01, 03),
(0171, 0015, 01, 03),
(0172, 0015, 01, 03),
(0173, 0002, 01, 03),
(0175, 0005, 01, 03),
(0176, 0005, 01, 03),
(0177, 0008, 01, 03),
(0178, 0008, 01, 03),
(0179, 0002, 01, 03),
(0180, 0002, 01, 03),
(0181, 0003, 01, 03),
(0182, 0003, 01, 03),
(0183, 0013, 01, 03),
(0184, 0013, 01, 03),
(0185, 0013, 01, 03),
(0186, 0013, 01, 03),
(0187, 0007, 01, 03),
(0188, 0007, 01, 03),
(0189, 0024, 01, 03),
(0190, 0024, 01, 03),
(0191, 0003, 01, 03),
(0192, 0003, 01, 03),
(0193, 0005, 01, 03),
(0194, 0005, 01, 03),
(0195, 0003, 01, 03),
(0196, 0003, 01, 03),
(0001, 0021, 01, 04),
(0002, 0022, 01, 04),
(0003, 0022, 01, 04),
(0018, 0018, 01, 04),
(0026, 0018, 01, 04),
(0027, 0018, 01, 04),
(0034, 0012, 01, 04),
(0100, 0009, 01, 04),
(0101, 0009, 01, 04),
(0113, 0001, 01, 04),
(0114, 0031, 01, 04),
(0129, 0029, 01, 04),
(0132, 0028, 01, 04),
(0133, 0028, 01, 04),
(0134, 0028, 01, 04),
(0135, 0027, 01, 04),
(0136, 0018, 01, 04),
(0137, 0018, 01, 04),
(0138, 0018, 01, 04),
(0150, 0008, 01, 04),
(0016, 0015, 02, 02),
(0150, 0012, 02, 02),
(0001, 0004, 02, 03),
(0002, 0002, 02, 03),
(0003, 0002, 02, 03),
(0003, 0010, 02, 03),
(0004, 0010, 02, 03),
(0005, 0010, 02, 03),
(0006, 0002, 02, 03),
(0007, 0002, 02, 03),
(0012, 0004, 02, 03),
(0012, 0008, 02, 03),
(0013, 0008, 02, 03),
(0018, 0002, 02, 03),
(0024, 0003, 02, 03),
(0025, 0003, 02, 03),
(0030, 0002, 02, 03),
(0030, 0003, 02, 03),
(0031, 0002, 02, 03),
(0031, 0003, 02, 03),
(0032, 0003, 02, 03),
(0033, 0002, 02, 03),
(0034, 0002, 02, 03),
(0040, 0007, 02, 03),
(0041, 0007, 02, 03),
(0042, 0008, 02, 03),
(0043, 0008, 02, 03),
(0044, 0003, 02, 03),
(0045, 0005, 02, 03),
(0046, 0010, 02, 03),
(0047, 0010, 02, 03),
(0048, 0008, 02, 03),
(0049, 0008, 02, 03),
(0050, 0008, 02, 03),
(0051, 0008, 02, 03),
(0054, 0007, 02, 03),
(0055, 0002, 02, 03),
(0056, 0007, 02, 03),
(0057, 0005, 02, 03),
(0058, 0005, 02, 03),
(0059, 0015, 02, 03),
(0060, 0015, 02, 03),
(0061, 0003, 02, 03),
(0062, 0003, 02, 03),
(0063, 0005, 02, 03),
(0064, 0005, 02, 03),
(0065, 0003, 02, 03),
(0066, 0003, 02, 03),
(0074, 0003, 02, 03),
(0078, 0010, 02, 03),
(0086, 0005, 02, 03),
(0087, 0005, 02, 03),
(0088, 0003, 02, 03),
(0092, 0026, 02, 03),
(0093, 0026, 02, 03),
(0094, 0015, 02, 03),
(0095, 0015, 02, 03),
(0097, 0006, 02, 03),
(0100, 0010, 02, 03),
(0101, 0010, 02, 03),
(0103, 0003, 02, 03),
(0104, 0004, 02, 03),
(0105, 0004, 02, 03),
(0106, 0004, 02, 03),
(0107, 0007, 02, 03),
(0108, 0007, 02, 03),
(0109, 0007, 02, 03),
(0110, 0002, 02, 03),
(0111, 0004, 02, 03),
(0113, 0002, 02, 03),
(0115, 0008, 02, 03),
(0116, 0008, 02, 03),
(0117, 0008, 02, 03),
(0118, 0010, 02, 03),
(0120, 0002, 02, 03),
(0121, 0003, 02, 03),
(0122, 0003, 02, 03),
(0123, 0017, 02, 03),
(0125, 0005, 02, 03),
(0126, 0005, 02, 03),
(0128, 0008, 02, 03),
(0129, 0004, 02, 03),
(0130, 0002, 02, 03),
(0131, 0002, 02, 03),
(0132, 0002, 02, 03),
(0133, 0002, 02, 03),
(0135, 0002, 02, 03),
(0136, 0002, 02, 03),
(0137, 0002, 02, 03),
(0138, 0002, 02, 03),
(0145, 0007, 02, 03),
(0146, 0007, 02, 03),
(0148, 0023, 02, 03),
(0151, 0008, 02, 03),
(0152, 0008, 02, 03),
(0153, 0008, 02, 03),
(0154, 0008, 02, 03),
(0157, 0008, 02, 03),
(0158, 0008, 02, 03),
(0159, 0008, 02, 03),
(0160, 0003, 02, 03),
(0161, 0003, 02, 03),
(0162, 0013, 02, 03),
(0163, 0010, 02, 03),
(0164, 0010, 02, 03),
(0165, 0007, 02, 03),
(0166, 0007, 02, 03),
(0169, 0007, 02, 03),
(0170, 0007, 02, 03),
(0171, 0003, 02, 03),
(0172, 0003, 02, 03),
(0175, 0003, 02, 03),
(0176, 0003, 02, 03),
(0187, 0002, 02, 03),
(0188, 0002, 02, 03),
(0191, 0005, 02, 03),
(0192, 0005, 02, 03),
(0193, 0003, 02, 03),
(0194, 0003, 02, 03),
(0195, 0015, 02, 03),
(0196, 0015, 02, 03),
(0008, 0023, 02, 04),
(0009, 0023, 02, 04),
(0010, 0023, 02, 04),
(0011, 0023, 02, 04),
(0014, 0023, 02, 04),
(0015, 0023, 02, 04),
(0033, 0012, 02, 04),
(0036, 0012, 02, 04),
(0037, 0012, 02, 04),
(0041, 0020, 02, 04),
(0124, 0017, 02, 04),
(0127, 0012, 02, 04),
(0139, 0019, 02, 04),
(0140, 0019, 02, 04),
(0141, 0030, 02, 04),
(0142, 0030, 02, 04),
(0143, 0018, 02, 04),
(0144, 0018, 02, 04),
(0147, 0023, 02, 04),
(0149, 0012, 02, 04),
(0155, 0018, 02, 04),
(0156, 0018, 02, 04),
(0173, 0020, 02, 04);

-- --------------------------------------------------------

--
-- Table structure for table `status`
--

CREATE TABLE `status` (
  `StatusID` tinyint(2) UNSIGNED ZEROFILL NOT NULL,
  `Status` varchar(50) DEFAULT NULL
) ENGINE=InnoDB DEFAULT CHARSET=utf8;

--
-- Dumping data for table `status`
--

INSERT INTO `status` (`StatusID`, `Status`) VALUES
(01, 'ที่ปรึกษาหลัก'),
(02, 'ที่ปรึกษารอง'),
(03, 'ที่ปรึกษาภายใน'),
(04, 'ที่ปรึกษาภายนอก');

-- --------------------------------------------------------

--
-- Table structure for table `thesis`
--

CREATE TABLE `thesis` (
  `ThesisID` tinyint(4) UNSIGNED ZEROFILL NOT NULL,
  `Thesis_Year` varchar(4) NOT NULL,
  `Category` tinyint(2) UNSIGNED ZEROFILL DEFAULT NULL,
  `Title_Th` varchar(255) DEFAULT NULL,
  `Abstract_Th` text,
  `Title_En` varchar(255) DEFAULT NULL,
  `Abstract_En` text,
  `LocationCollection` varchar(255) DEFAULT NULL
) ENGINE=InnoDB DEFAULT CHARSET=utf8;

--
-- Dumping data for table `thesis`
--

INSERT INTO `thesis` (`ThesisID`, `Thesis_Year`, `Category`, `Title_Th`, `Abstract_Th`, `Title_En`, `Abstract_En`, `LocationCollection`) VALUES
(0002, '2551', 02, 'ระบบวิเคราะห์กระบวนการ JIT (Just-In-Time)ในโรงงานอุตสาหกรรม', 'บริษัทเจวีซี ออพติคัล คอมโพเน้นท์ส (ประเทศไทย) จํากัด เป็นบริษัทอุตสาหกรรมที่ได้นํา ระบบการผลิตแบบทันเวลาพอดี (JIT : Just-In-Time) เข้ามาใช้ในกระบวนการผลิต ทําให้ช่วยลด เวลาในกระบวนการผลิต แต่ผลผลิตยังเท่าเดิม ผู้ควบคุมกระบวนการผลิตต้องบริหารเวลาให้มี ประสิทธิภาพมากขึ้น จึงจําเป็นต้องวิเคราะห์เวลาการทํางานในแต่ละจุด เพื่อนําไปสู่การแก้ปัญหา ในจุดการผลิตที่ใช้เวลามากเกินไป\r\nระบบวิเคราะห์กระบวนการ JIT (Just In Time) ในโรงงานอุตสาหกรรม จึงนําข้อมูลที่ได้ไป วิเคราะห์การทํางานของพนักงานตามจุดที่ต้องการ และทําการแก้ไขปรับปรุงข้อบกพร่องต่าง ๆ ให้ได้ตามเวลาที่กําหนด ผู้ควบคุมกระบวนการผลิตได้ทราบถึงจํานวนการผลิตที่ควรจะผลิตได้ ณ เวลานั้น ๆ เทียบกับจํานวนการผลิตได้จริง และได้แสดงให้เห็นถึงค่าเวลาเฉลี่ยที่พนักงานได้ใช้ โดยข้อมูลที่ได้รับจากพนักงานดังกล่าวจะถูกส่งไปเก็บไว้ในเครื่องคอมพิวเตอร์ เพื่อนําข้อมูลไปทํา การวิเคราะห์ข้อมูลดังกล่าว และการออกรายงานผล\r\n', 'Just In Time System Analysis industrial \r\nfactory', 'JVC Optical Components(Thailand) Company Limited is industrial factory and Just-In-Time system into process production make drop time process but product be the same. Supervisor must manage time high efficiency have to time analysis in process each for solve a problem.\r\nJust In Time system analysis industrial factory then take data work analysis of operator and make an adjustment better define of time. Supervisor do know quantity should time compare with quantity of real time. Show used time average of operator. It\'s memory of computer and printing data report.\r\n', 'ห้องสืบค้น'),
(0003, '2551', 02, '', 'ปัจจุบันรถยนต์ส่วนบุคคล เป็นยานพาหนะที่ใช้กันเป็นจํานวนมากและถือได้ว่ามีความสําคัญ\r\nเมื่อมีจํานวนของรถยนต์มากขึ้นก็ยากต่อการจดจําหรือระบุตัวบุคคลที่ ในการเดินทางอย่างมาก\r\nจึงมีแนวคิดที่จะระบุบุคคลที่เป็นเจ้าของรถยนต์จากทะเบียนรถยนต์ที่ได้ เป็นเจ้าของรถยนต์ได้\r\nโดยใช้กล้องเป็นอุปกรณ์ในการจับภาพและนําภาพที่ได้ ลงทะเบียนเก็บไว้ในฐานข้อมูลแล้ว นั้นมาทําการประมวลผล เพื่อระบุเลขทะเบียนรถยนต์ ก็จะสามารถทราบได้ทันทีว่ารถยนต์เป็น\r\nสามารถนํากระบวนการเหล่านี้มาประยุกต์ใช้ในสถานที่ทางราชการ องค์กร ของบุคคลใด ลานจอดรถ และบริษัทได้\r\nสิ่งสําคัญ : ทะเบียนรถยนต์ กล้อง ฐานข้อมูล\r\n', 'ระบบตรวจสอบและรู้จำทะเบียนรถยนต์2', 'Now a day a private car is the vehicle that wide use in the country and it is important for transportation and travel. If the amount of car is increase, it is difficult for remember or specific the owner. Thus we have the idea to specific person who is the owner and store the information into database. We use the camera to detect the image and get the image to processing for specify the car license. Then we know that who is the owner and we can set this method to apply for using in official place, organization, parking lot and a company.\r\nKeyword : car license, camera, database\r\n', 'ห้องสืบค้น'),
(0004, '2551', 02, 'โปรแกรม แสดงผลการเรียนนักศึกษาทาง Website และช่วยตรวจสอบแผนการเรียน', 'เนื่องจากปัจจุบันมีการแสดงผลการเรียนของนักศึกษาเป็นเอกสาร จึงทําให้ไม่ได้รับ ความสะดวกในการดูผลการเรียนในแต่ละเทอม และในการวางแผนการเรียนของนักศึกษา แต่ละเทอมในปัจจุบันใช้การตรวจสอบจากเอกสารอ้างอิง ซึ่งอาจเกิดความผิดพลาดของข้อมูลได้ ข้าพเจ้าและทีมงานจึงได้มีแนวความคิดที่จะออกแบบ การแสดงผลการเรียนของนักศึกษาทาง Website เพื่อความสะดวกในการดูผลการเรียนของนักศึกษา และออกแบบโปรแกรมช่วยเหลือ การวางแผนการเรียนของนักศึกษาในแต่ละเทอม ตามเงื่อนไขที่มีในแผนการเรียนของนักศึกษาใน แต่ละชั้นปี โดยมีวัตถุประสงค์ที่จะช่วยลดความผิดพลาดของข้อมูลการลงทะเบียนเรียน และเพิ่ม ความสะดวกในการดูผลการเรียนของนักศึกษา\r\n', 'Register online and support plan education', 'At present have performance of school-record of student is document then cause not have comfortable is a looking performance of school-record in each term and a planning study of student in each term at present use check from refer, which happen error of data. I and work team then have idea that a design. Performance of school-record of student of student from website for comfortable in a looking schoolrecord of student and design program planning help a study at student in each term according in planning study of student in each year, because have objective will fall help error of data a register and increase a comfortable a looking school-record of student.\r\n', 'ห้องสืบค้น'),
(0005, '2551', 02, 'ระบบบัตรรถโดยสารอิเล็กหรอนิกส์ด้วยเทคโนโลยีRFID', 'เนื่องจากปัจจุบัน จากนําเทคโนโลยี RFID ยังไม่แพร่หลายนัก ทางคณะผู้จัดทําจึงคิด นําเทคโนโลยี RFID มาประยุกต์ใช้ในการขนส่ง โดยมุ่งเน้นไปที่การอํานวยความสะดวกแก่ ผู้โดยสาร และยังช่วยลดต้นทุนของสถานประกอบการ โดยเทคโนโลยีที่นํามาใช้เป็นการทําแท็ก RFID มาประยุกต์เป็นบัตร VIP ใช้ในการขึ้นรถแทนตั๋วโดยสาร มีการเขียนโปรแกรมประยุกต์มา ใช้ในการจองที่นั่งทั้งทางออนไลน์ และติดต่อกับเจ้าหน้าที่โดยตรง โดยโปรแกรมที่เขียนแยกเป็น 3 ส่วน 1. ส่วนออนไลน์ ซึ่งใช้ภาษา PHP ในการเขียน ลงในโปรแกรม edit plus ซึ่งส่วน ออนไลน์นี้ผู้ที่เป็นสมาชิกสามารถจองที่นั่งด้วยตนเองได้ 2. ส่วนโปรแกรมของพนักงาน จะใช้ โปรแกรม Visual Basic 6 ในการเขียนโปรแกรม ซึ่งจะใช้เชื่อมต่อทั้งฐานข้อมูลและอุปกรณ์ อ่านแท็ก จะเป็นส่วนที่พนักงานใช้จองที่นั่งเมื่อมีสมาชิกติดต่อขอจองที่นั่งกับพนักงานทั้งโดยตรง และทางโทรศัพท์ 3. ส่วนฐานข้อมูล ใช้โปรแกรม MySQL ในการเขียนเป็นส่วนที่ผู้ดูแลระบบ รับผิดชอบทั้งหมด เป็นฐานข้อมูลที่ใช้เชื่อมโยงทั้ง 2 ส่วน เพื่อไม่ให้เกิดปัญหาการซับซ้อน ใน การจองตั๋ว\r\n', 'VIP.Bus card with RFID', 'The RFID technology brought to use in the present days are not widespread, therefore the prepared group had an idea to bring the RFID technology applied on the logistics. By focusing on facilitates to the passengers as well as to reduce the business practitioner\'s cost. Such technology used for the RFID tagging applied to the VIP card in lieu of transportation ticket. The program writing applied to the online reservation and direct contact the officers. The written program divided into 3 parts, 1. For on-line, php language used on writing onto edit plus program, the members are able to book the seat by their own. 2. Staff\'s program, Visual Basic 6 used on program writing which connected both of database and tag reading, it is for the staff to reserve the seat when the members directly booked the seat or by phone. 3. The database, MySQL used on writing as a part of the system regulator responsible the whole as the database linked both parts. The purpose was to overlap the reservation.\r\n', 'ห้องสืบค้น'),
(0006, '2551', 01, 'แบบจำลองมือกล', 'ปริญญานิพนธ์นี้จัดทําขึ้นเพื่อศึกษาลักษณะโครงสร้างการเคลื่อนไหวของมือมนุษย์แล้วนํามา ออกแบบ สร้างแบบจําลองมือกลที่สามารถเคลื่อนไหวได้เสมือนจริงและเป็นอิสระในแต่ละข้อนิ้ว\r\nแบบจําลองมือกลนี้ประกอบด้วย 5 นิ้ว ที่ยึดติดเข้ากับฝ่ามือ ในการออกแบบแต่ละนิ้วนั้น จะถูกรับกําลังจากเซอร์โวมอเตอร์ ขนาด 5 โวลต์ ที่ควบคุมการเคลื่อนไหวในทุกๆ นิ้ว โดยแต่ละนิ้ว จะใช้เซอร์โวมอเตอร์ 1 ตัว และอีก 1 ตัว สําหรับการขยับข้อมือ เพื่อให้การเคลื่อนไหวเป็นไป อย่างอิสระจากฝ่ามือ\r\nเซอร์โวมอเตอร์ เป็นอุปกรณ์ที่ได้รับความนิยมนํามาใช้งานขับเคลื่อนที่ต้องการการควบคุม ตําแหน่ง และในปัจจุบันนี้ มีการนําคอมพิวเตอร์เข้ามาใช้กับงานทางด้านอุตสาหกรรมเพิ่มมากขึ้น โดยเฉพาะในงานควบคุมอัตโนมัติ โครงงานปริญญานิพนธ์นี้ ได้นําคอมพิวเตอร์มาประยุกต์ใช้ใน การควบคุม มีการเชื่อมต่อกับฮาร์ดแวร์ผ่านทางพอร์ตขนาน โดยใช้ Visual Basic 6.0 และภาษาซี ใน การเขียนโปรแกรมควบคุมส่งสัญญาณผ่านพอร์ตขนาน\r\nจากการทําโครงงานปริญญานิพนธ์นี้ ทําให้ได้รับความรู้ และความเข้าใจในหลักการควบคุม การทํางานของดีซีเซอร์โวมอเตอร์ในลักษณะการควบคุมตําแหน่ง และสามารถใช้คอมพิวเตอร์ ในการควบคุมการทํางานได้ตามวัตถุประสงค์\r\n', 'Robot Hand Model', 'This project aimed to study structure characteristic of the human hand motion, and then designed the robot hand model, which has virtual actual motion and independent motion of each finger joint.\r\nThis robot hand model consists of 5 fingers that are connected to a palm. In the design each finger joint is powered by 5 VDC Motor that controls the motion in all joints. Each finger uses 1 servo motor and another 1 servo motor for side movement to give independent motion.\r\nServo motor is the popular device that uses in driving applications, which velocity control are wanted. And nowadays computers are more use in many industries, especially in automatic control. In this project, computer has been applied to control. The hardware is interfaced with computer through parallel port programmed with Visual Basic and C programming language.\r\nFrom working with this project made us understanding and received knowledge in the principle of DC-Servo motor position control. And can use computer to control operating per project objectives.\r\n', 'ห้องสืบค้น'),
(0007, '2551', 02, 'แบบโครงการพัฒนาส่วนจัดการโปรแกรมจัดเก็บและบันทึกสถิติการใช้คอมพิวเตอร์บนเครือข่าย', 'การใช้คอมพิวเตอร์ในยุคของเทคโนโลยีสารสนเทศ ส่วนใหญ่มักใช้งานพร้อมกับ การเชื่อมต่อกับระบบเครือข่าย ทําให้สามารถจัดเก็บข้อมูลการใช้งานคอมพิวเตอร์เหล่านั้นได้ โดยอาศัยระบบเครือข่ายเป็นช่องทางในการส่งข้อมูลสถิติต่างๆ ของเครื่องคอมพิวเตอร์ เพื่อรวบรวมและบันทึกข้อมูลบนเซิร์ฟเวอร์ฐานข้อมูล เมื่อได้ข้อมูลหรือสถิติของ เครื่องคอมพิวเตอร์แล้ว จะสามารถนําไปใช้งานต่อในภายหลังได้อีกหลายอย่าง\r\nสามารถดําเนินการได้อยู่แล้ว จากโปรแกรมจัดเก็บและ การจัดเก็บข้อมูลสถิติดังกล่าวนั้น บันทึกสถิติการใช้งานคอมพิวเตอร์รุ่นแรก จากโครงงานเดิม แต่โปรแกรมดังกล่าวยังขาดในส่วน ของโปรแกรมด้านการบริหารจัดการ หรือโปรแกรมที่ทํางานในฝั่งเซิร์ฟเวอร์\r\nด้วยเหตุผลที่ยังไม่สมบูรณ์ของโครงงานเดิม และเพื่อให้สามารถนําระบบไปใช้งานจริงได้ โครงงานนี้จึงเกิดขึ้น เพื่อพัฒนาเพิ่มเติมในส่วนดังกล่าว คือส่วนของโปรแกรมบริหารจัดการ และจะต้องเพิ่มเติมความสามารถบางส่วนที่ยังไม่มีในโปรแกรมของเครื่องลูกข่าย\r\n', 'Sysgather Manager Development', 'Nowadays, most of information technology computer usage usually connects with the network system. So, this network system is firstly used as a process to send all statistic data of all computers. Then all statistic data are collected and saved on database server which will be used later.\r\nThe statistic data collecting can work by log program of a general computer in the last project. However, this log program is incomplete because it is lack of management program which is work on a server.\r\nFor the reason presented above, and also to make it work effectively, this project is produced to develop the administrative management program and to make an effective ability in term of administrative management for client users.\r\n', 'ห้องสืบค้น'),
(0008, '2551', 01, 'เครื่องนับเม็ดยากึ่งอัตโนมัติ', 'เครื่องนับเม็ดยากึ่งอัติโนมัติ เป็นอุปกรณ์ที่ช่วยในการนับและบรรจุเม็ดยาใส่ถุง โดยเครื่อง สามารถนับยาได้ทั้งชนิดเม็ด และแคปซูล ซึ่งจะใช้เจ้าหน้าที่สําหรับควบคุมการทํางาน 1 คน ลักษณะการทํางานเป็นแบบกึ่งอัตโนมัติ ใช้การเขียนโปรแกรมภาษาซี แล้วติดตั้งลงบน ไมโครคอนโทรลเลอร์ PIC 16F877A ซึ่งจะทําหน้าที่รับค่าจากสวิตช์เมตริกซ์ เพื่อเก็บค่าการนับ เม็ดยา และแสดงผลออกทาจอ LCD ใช้เซ็นเซอร์ตรวจจับแสงอินฟราเรดในการตรวจนับ และ ควบคุมการไหลของเม็ดยา โดยการควบคุมความเร็วของมอเตอร์\r\nโหมดการทํางานมี 3 แบบ คือ แบบนับทั้งหมด แบบนับเป็นชุดตั้งจํานวนเม็ดยาได้ และ โหมดการรีดถุงยา โดยสามารถเลือกชนิดของเม็ดยาได้ การทํางานของเครื่อง คือ มอเตอร์จะทําการ หมุนถาดจะทําให้เม็ดยาไหลเรียงกัน แล้วตกผ่านเซ็นเซอร์ตรวจจับแสงอินฟราเรด เม็ดยาจะถูกนับ เมื่อครบจํานวน มอเตอร์หมุนถาดก็จะหยุด จากนั้นจึงสั่งให้มอเตอร์ของอุปกรณ์ใส่ถุงยา หมุนให้ถุง ยามายังตําแหน่งที่เม็ดยาตกผ่านเซ็นเซอร์ตรวจจับแสงอินฟราเรด แล้วทําการนับในครั้งต่อไป การ ทดสอบการทํางานสามารถนับเม็ดยาพาราเซตามอล ได้ค่าความถูกต้องในการนับ คือ 99.93% และ ค่าความแม่นยําในการนับ คือ 96% ของจํานวนครั้งทั้งหมด เวลาในการนับเฉลี่ย 0.16 นาที และ ทดสอบการนับของยาชนิดแคปซูล สามารถนับเม็ดยาได้ ค่าความถูกต้องในการนับ คือ 99.99% และค่าความแม่นยําในการนับ คือ 99% ของจํานวนครั้งทั้งหมด เวลาในการนับเฉลี่ย 0.47 นาที\r\n', 'Semi-Automatic medicine counter machine', 'The semi-automatic medicine counter machine is used to help counting the medicine both tablet type and capsule type before packaging by only 1 controller.\r\nThis semi-automatic machine is written by Program C language which is installed on Micro-controller PIC 16F877A. The data of medicine counting will be kept from switch matrix and shown on LCD segment. The machine will be controlled by infrared sensor in medicine counting and the direction of medicine will be controlled by using gear motor.\r\nThere are 3 modes of this machine, total tablet counting mode, number setting mode and packaging mode. The gear motor will cycle the dish to flow the tablets pass sensor infrared. The tablets will be counted by the number setting. Then, the tray will be stopped. After that, the packaging is in process which it was controlled by using infrared sensor. The test of paracetamol counting was found that there are 99.93% of counting correctness and 96% of counting exactness by time using of 0.16 minutes. In addition, the test of capsule type was found that there are 99.99% of counting correctness and 99% of counting exactness by time using of 0.47 minutes.\r\n', 'ห้องสืบค้น'),
(0009, '2551', 01, 'ระบบควบคุมรถไฟฟ้า4ทิศทางด้วยจอยสติก', 'โครงงานนี้ เป็นการศึกษาการนําจอยสติกมาควบคุมและบังคับทิศทางของรถไฟฟ้า แทนการใช้พวงมาลัย โดยใช้จอยสติกแบบคันโยก ควบคุมการเลี้ยวการเคลื่อนที่ของรถ ด้วยการ ใช้ไมโครคอนโทรลเลอร์ควบคุมวงจร H-Bridge โดยวิธีการของ PWM (Pulse Width Modulation) เพื่อนําไปใช้ในการควบคุมรถไฟฟ้าแบบไร้คนขับต่อไป\r\n', 'Joystick Electric Vehicles Control System', 'This project was to study the used of lever joystick to control and enforce the direction of the railcar instead of using steering wheel. The car\'s movement and turning was controlled by microcontroller which controlled the H-Bridge circuit of PWM (Pulse Width Modulation) that it\'s used for the driverless railcar in the future.\r\n', 'ห้องสืบค้น'),
(0010, '2551', 01, 'เครื่องตรวจสอบเอกลักษณ์บุคคลด้วยลายนิ้วมือ', 'โครงงานระบบยืนยันเอกลักษณ์บุคคลด้วยสแกนลายนิ้วมือ มีวัตถุประสงค์เพื่อใช้ตรวจสอบ เอกลักษณ์บุคคลว่าเป็นบุคคลเดียวกันหรือไม่ โดยได้ศึกษารูปแบบของลายนิ้วมือ การวิเคราะห์ ลายนิ้วมือ การนําทฤษฎีต่างๆ มาใช้ในการวิเคราะห์ลายนิ้วมือเพื่อเพิ่มประสิทธิภาพในการ ตรวจสอบเอกลักษณ์บุคคลให้มากยิ่งขึ้น ซอฟต์แวร์ที่ใช้ในการพัฒนาทางผู้จัดทําได้เลือกใช้ Visual Basic 6.0 ส่วนซอฟต์แวร์ที่ใช้จัดการเกี่ยวกับฐานข้อมูลจะใช้ Microsoft Access จากการทําโครงงาน ทําให้ได้รับความรู้ทางด้านการวิเคราะห์ลายนิ้วมือว่ามีการเปรียบเทียบ ลายนิ้วมืออย่างไร รวมไปถึงลักษณะต่างๆ ของลายนิ้วมือ และยังได้รับความรู้ในเรื่องของการเขียน โปรแกรมติดต่อกับฮาร์ดแวร์ชนิดต่างๆ การเขียนโปรแกรมติดต่อกับฐานข้อมูล\r\nผลที่ได้จากการทําโครงงาน สามารถช่วยลดระยะเวลาของการวิเคราะห์ลายนิ้วมือให้น้อยลง และช่วยเพิ่มประสิทธิภาพการวิเคราะห์ลายนิ้วมือ อีกทั้งยังสามารถนําโครงงานไปพัฒนาต่อเพื่อ เพิ่มการใช้งานได้อีกด้วย\r\n', 'Verify with Fingerprint', 'The project Verify with fingerprint. The objective for use checks that person I be a same person, doesn\'t. By fingerprint have studied the analysis fingerprint format. The theory person lead comes to use in the fingerprint analysis for increase efficiency in the identity check increasingly too much all. The software that use in the way development has chosen to use Visual Basic6.0 and the software part that use manages about the database to use Microsoft Access. From the project doing. How do I do to receive that I of the fingerprint analysis have the fingerprint comparing with and the character of the fingerprint all including. In knowledge witting hardware writting database contact with program kind program still and including all.\r\nThe one gets from the project doing. Would you decrease the period of time of the fingerprint analysis to give less and increase efficiency Analysis fingerprint help. Both of can still take the project to develop for add the usability as well again.\r\n', 'ห้องสืบค้น'),
(0011, '2551', 02, 'โปรแกรมระบบจัดซื้ออุปกรณ์การก่อสร้าง ', 'โครงงานโปรแกรมระบบจัดซื้ออุปกรณ์การก่อสร้างนี้ได้จัดทําให้แก่ บริษัท รุ่งฟ้าเสริม คอร์ปอเรชั่น จํากัด โดยมีวัตถุประสงค์เพื่อนําโปรแกรมมาช่วยอํานวยความสะดวกในการสั่งซื้อ การจัดเก็บข้อมูลของระบบการสั่งซื้อ และการรวบรวมข้อมูลจัดทํารายงานการสั่งซื้อ ซึ่งโปรแกรม ประยุกต์นี้ได้มีการพัฒนาในรูปแบบเว็บแอปพลิเคชั่น (Web Application)\r\nผู้จัดทําโครงงานนี้ได้เลือกใช้โปรแกรมจัดการฐานข้อมูลมายเอสคิวแอล (MySQL) และ ใช้ภาษาพีเอชพี (PHP) ภาษาเอชทีเอ็มเอล (HTML) ภาษาจาวาสคริปต์ (JavaScript) และภาษา เอสคิวแอล (SQL) ในการเขียนโปรแกรม และใช้โปรแกรมอาพาเช่ (Apache) เป็นเว็บเซิร์ฟเวอร์ (Web Server)\r\n', 'Purchase Order System Program of Construction Device', 'This Purchase Order System Program of Construction Device project makes to the Rungfahserm Corporation Limited. It is objective for bring the program assist to purchase order facilitate, purchase order system data store and gather a data makes purchase order report. Which this application program has development in the web application format. This project uses MySQL Database Management System (DBMS) for database system and uses PHP language, HTML Language, JavaScript Language and SQL Language for developing program. And uses Apache as web server.\r\n', 'ห้องสืบค้น'),
(0012, '2551', 02, 'โปรแกรมจัดการข้อมูลของคณะวิศวกรรมศาสตร์และ สถาปัตยกรรมศาสตร์', 'โครงงานนี้จัดทําให้กับคณะวิศวกรรมศาสตร์และสถาปัตยกรรมศาสตร์ มหาวิทยาลัย เทคโนโลยีราชมงคลอีสาน นครราชสีมา โดยมีวัตถุประสงค์เพื่อพัฒนาระบบฐานข้อมูลและ โปรแกรมประยุกต์เพื่อจัดการกับระบบสหกิจศึกษา ระบบจัดการข้อมูลบุคลากร และระบบ เงินเดือนซึ่งโปรแกรมประยุกต์นี้ได้จัดทําในรูปแบบของเว็บแอปพลิเคชั่น (Web Application)\r\nโดยผู้จัดทําโครงงานนี้เลือกใช้โปรแกรมจัดการฐานข้อมูลมายเอสคิวแอล (MySQL) และ ภาษาที่ใช้ในการเขียนโปรแกรมประยุกต์คือภาษาพีเอ็ชพี (PHP) และภาษาเอสคิวแอล (SQL) และ ใช้แอปเซิร์ฟ (Appsery) เป็นเว็บเซิร์ฟเวอร์ (Web Server) ซึ่งจําเป็นจะต้องใช้ความรู้ทางด้าน ระบบฐานข้อมูล (Database Systems)\r\n', 'Data processing of engineering and architecture ', 'This project makes to the Engineering and Architecture Rajamangala University of Technology Isan Nakhonratchasima. It is objective for develop database system and application program for the manage with education work shop, personnel data management system and salary management. Which application this program has made in the format of Web Application. This project uses MySQL Database Management System (DBMS) for database system and PHP language, SQL Language for developing language and Appserv as web server.\r\n', 'ห้องสืบค้น'),
(0013, '2551', 02, 'โปรแกรมบริหารงานบริการศูนย์นวัตกรรมและเทคโนโลยีการศึกษา มหาวิทยาลัยเทคโนโลยีสุรนารี', 'เนื่องจากในปัจจุบัน ศูนย์นวัตกรรมและเทคโนโลยีการศึกษา มหาวิทยาลัยเทคโนโลยีสุรนารี ได้เปิดให้บริการในส่วนของการพัฒนาและผลิตสื่อการศึกษา ซึ่งมีรูปแบบการขอใช้บริการที่ ผู้ขอใช้บริการจะต้องติดต่อขอรับเอกสารแบบฟอร์มขอใช้บริการก่อน แล้วทําการกรอกข้อมูลลงไป ซึ่งเกิดความล่าช้าและไม่สะดวก และยังเพิ่มภาระให้กับเจ้าหน้าที่ในการตรวจสอบเอกสารอีกทั้งยัง ทําให้เกิดปัญหาของผู้บริหารงานที่จะต้องจัดสรรบุคลากร เพื่อคอยให้บริการกับผู้ที่เข้ามา ขอใช้บริการเป็นจํานวนมากในแต่ละเดือน\r\nจากปัญหาดังกล่าว จึงได้จัดทําโครงงาน โปรแกรมบริหารงานบริการศูนย์นวัตกรรมและ เทคโนโลยีการศึกษา มหาวิทยาลัยเทคโนโลยีสุรนารี เพื่อแก้ไขปัญหาดังกล่าว ซึ่งจะเป็นการ อํานวยความสะดวก ให้ผู้ที่เข้ามาขอใช้บริการ และผู้บริหารงานในการจัดการทรัพยากรและ ควบคุมการดําเนินงานผ่านโปรแกรม รวมถึงการเก็บรวบรวมข้อมูลการขอใช้บริการทําให้ การดําเนินงานมีประสิทธิภาพมากยิ่งขึ้น\r\n', 'nnovation and Technology of Suranaree University of\r\nTechnology \r\n', 'because of, in now the Center for Educational Innovation and Technology of Suranaree University of Technology has opened to service in the part of the development and produce the learning aid which , there is begging for format will use to serve that person beg for use serve must contact with beg for take form document begs for to use serve before, already do data filling down go to, which, be born the lateness and not convenient, and still enhance the responsibility gives with an officer, in checking document, moreover, still cause a problem will of the executive to will must allocate the personnel, for wait for service with who come in beg for use serve greatly in each month\r\nfrom a problem aforementioned, then get make the project, a Service Management Program of Education Media Development Project of Suranaree University of Technology, for solve aforementioned, which, will the facility, give who come in beg for use serve, and the executive in resource administration and control operating change a program, include, the saving collects begging for data uses to serve, make operating effective more and more\r\n', 'ห้องสืบค้น'),
(0014, '2551', 01, 'เครื่องสแกนลายนิ้วมือตรวจสอบการทํางานของพนักงานบริษัท\r\n', 'โครงงานเครื่องสแกนลายนิ้วมือตรวจสอบการทํางานของพนักงานบริษัท มีวัตถุประสงค์เพื่อ ยืนยันตัวบุคคลของพนักงานในบริษัทได้อย่างถูกต้อง นอกจากนี้ระบบยังสามารถคํานวณ การทํางานล่วงเวลาของพนักงานได้ โดยได้ศึกษารูปแบบของลายนิ้วมือและการวิเคราะห์ลายนิ้วมือ การนําทฤษฎีต่างๆ มาใช้ในการวิเคราะห์ลายนิ้วมือ เพื่อเพิ่มประสิทธิภาพในการตรวจสอบ เอกลักษณ์บุคคลให้มากขึ้น ซอฟต์แวร์ที่ใช้ในการพัฒนาทางผู้จัดทําได้เลือกใช้ Visual Basic 6.0 ส่วนซอฟต์แวร์ที่ใช้จัดการเกี่ยวกับฐานข้อมูลจะใช้ Microsoft Access 2003\r\nจากการทําโครงงาน ทําให้ได้รับความรู้ทางด้านการวิเคราะห์ลายนิ้วมือว่ามีการเปรียบเทียบ ลายนิ้วมืออย่างไร รวมไปถึงลักษณะต่างๆ ของลายนิ้วมือ และยังได้รับความรู้ในเรื่องของการเขียน โปรแกรมติดต่อกับฮาร์ดแวร์ชนิดต่างๆ การเขียนโปรแกรมติดต่อกับฐานข้อมูล\r\nผลที่ได้จากการทําโครงงานสามารถ สแกนลายนิ้วมือตรวจสอบการทํางานของพนักงานบริษัท สงวนวงษ์อุตสาหกรรม จํากัด สามารถช่วยลดระยะเวลาของการวิเคราะห์ลายนิ้วมือให้น้อยลง และช่วยเพิ่มประสิทธิภาพการวิเคราะห์ลายนิ้วมือ อีกทั้งยังสามารถนําโครงงานไปพัฒนาต่อเพื่อ เพิ่มการใช้งานได้อีกด้วย\r\n', 'Check Fingerprint for Company', 'Fingerprint scanning and checking system for checking the operation time of staffs has the objective for affirm staffs in the company. Moreover this system can calculate the overtime of staffs by learning pattern of fingerprint, fingerprint analysis bring other computation theory for analysis fingerprint for increase the effective in the personal identity. Software that we chose is Visual Basic 6.0 and the database software is Microsoft Access 2003.\r\nThe benefit from this project is we obtained knowledge about fingerprint analysis that how it can be compare the fingerprint and we have knowledge about programming language connecting to hardware and knowledge about programming connect todatabase server.\r\nThe result of this project is we can scanning and checking operation time of staff in Sanguan Wongse industries company co.,ltd. This system can reduce time time of fingerprint analysis, increase the effective of fingerprint analysis and this project can be develop for the future.\r\n', 'ห้องสืบค้น'),
(0015, '2552', 01, 'เครื่องตรวจวัดปริมาณแอลกอฮอล์จากลมหายใจ', 'โครงงานเครื่องตรวจวัดปริมาณแอลกอฮอล์จากลมหายใจนี้ ถูกสร้างขึ้นมาเพื่อช่วยผู้ที่อยาก ทดสอบตัวเองจากการดื่มเครื่องดื่มแอลกอฮอล์ ว่าเกินกว่ากฎหมายกําหนดหรือไม่ และจะสามารถ ขับขี่รถได้อย่างไม่ผิดกฎหมาย โดยการแจ้งผู้ที่ทดสอบนั้นจะแสดงค่าที่วัดได้ออกทางจอแอลซีดี และมีเสียงเมื่อเกินกว่าที่กฎหมายกําหนด จุดที่พิเศษของเครื่องนี้ตรงที่มีการเก็บข้อมูลด้วย\r\nจากการทดสอบของเครื่องตรวจวัดปริมาณแอลกอฮอล์จากลมหายใจ ทางผู้จัดทํา มีวัตถุประสงค์หลักๆ คือ สามารถช่วยลดผู้ที่ทําผิดกฎหมายกําหนดและช่วยลดอุบัติเหตุที่เกิดจาก ผู้ที่ดื่มเครื่องดื่มแอลกอฮอล์ได้ในระดับหนึ่ง เปอร์เซ็นต์ความผิดพลาดของเครื่องนี้โดยเฉลี่ย +5 เปอร์เซ็นต์\r\n', 'Measuring Quantity Alcohol Instrument', 'Project measuring quantity alcohol instrument. Was created to help people who want to\r\ntest yourself by drinking alcohol. That exceed the law or not. And can not drive a car is illegal. The notification of the test will show the value measured from the LCD and when asked over the\r\nlaw. A special point of this match with the data.\r\nFrom the experiment of measuring quantity alcohol instrument. The publisher of the key\r\nobjectives is to reduce the errors made by law and reduce accidents caused by people drinking\r\nalcohol in a class. The percentage error of this device on average #5 percent.\r\n', 'ห้องสืบค้น'),
(0016, '2552', 01, 'กล้องตรวจจับผู้บุกรุกและแจ้งเตือนผ่านโทรศัพท์มือถือ ', 'โครงงานกล้องตรวจจับผู้บุกรุกและแจ้งเตือนผ่านทางโทรศัพท์มือถือ มีวัตถุประสงค์ คือ การนําความสามารถและประโยชน์ของโทรศัพท์มือถือ มาทํางานร่วมกับการทํางานในเครื่อง คอมพิวเตอร์ที่เชื่อมต่อกับกล้อง เพื่อเป็นส่วนหนึ่งในการช่วยรักษาความปลอดภัย การติดต่อจะเป็น แบบ Real time โดยการเขียนโปรแกรมควบคุมการทํางานโดยใช้ JAVA, J2ME และ PHP\r\nโครงงานนี้จะมีการทํางานด้วยกันสองส่วนคือ ส่วนแรกการทํางานของโปรแกรมที่มีการ ทํางานในการติดต่อกล้อง, การประมวลผลภาพ, การเก็บข้อมูลบน Web Server, การส่ง SMS, การ ส่ง E-mail และส่วนที่สองคือ ส่วนของการทํางานทางโทรศัพท์มือถือ จะทําการร้องขอข้อมูลภาพ จาก Web Server เพื่อที่จะดึงภาพมาแสดงบนโทรศัพท์มือถือที่ใกล้เคียงเวลาร้องขอที่สุด\r\n', 'The camera intruder detection and alert via mobile phones.\r\n', 'The objective of the camera intruder detection and alerts via mobile phones system is to\r\nbring the benefits of mobile phone to work associate with computer that connect to camera. This\r\nsystem is one of the part for maintain the security. The connection between camera and computer\r\nis real time, the system has computer program to control the operation by using JAVA, J2ME and\r\nPHP\r\nThis project has divided the operation into two parts. First is the computer program that\r\nconnecting with camera, image processing, stored data on the Web Server, sending SMS and sending e-mail. Second is the functionality of mobile phone which requests the information from\r\nthe Web Server to access the images to display on the mobile phone in real time.\r\n', 'ห้องสืบค้น'),
(0017, '2551', 02, 'โปรแกรมจัดการระบบซื้อ ขาย และสินค้าคงคลัง บริษัท เคเคเฟรมแอนแอคเซสโซรี่ จํากัด', 'เนื่องจากบริษัท เคเคเฟรมแอนแอคเซสซารี่ จํากัด เป็นบริษัทที่ดําเนินธุรกิจเกี่ยวกับ การทํากรอบรูป อัลบั้มรูป ไม้เส้น และอุปกรณ์ที่ใช้ธุรกิจการทํากรอบรูป จําหน่ายทั้งในประเทศ และต่างประเทศ มากว่า 20 ปี ทั้งนี้บริษัทได้ขยายกําลังผลิตมากขึ้น เพื่อตอบสนองความต้องการ ของลูกค้า จึงต้องการระบบการจัดการที่มีประสิทธิภาพมากยิ่งขึ้น ซึ่งระบบการจัดการที่ใช้ ในปัจจุบันนั้น ยังใช้บุคคลากรเป็นสําคัญในการดําเนินการ และการจัดเก็บข้อมูลยังเป็นระบบ เอกสาร ทําให้การทํางานเป็นไปด้วยความล่าช้า และเกิดความผิดพลาดได้ง่าย\r\nดังนั้นผู้จัดทําเห็นว่า ควรมีระบบการจัดการ ที่มีประสิทธิภาพ เพื่อช่วยรองรับระบบงาน ที่มากขึ้น จึงได้จัดทํา “โปรแกรมจัดการระบบซื้อ ขาย และสินค้าคงคลัง” ขึ้นมาเพื่อช่วยให้ การทํางาน เป็นไปอย่างมีประสิทธิภาพ ถูกต้อง และรวดเร็ว โดยโปรแกรมนั้นสามารถบันทึก แก้ไข ค้นหา ลบข้อมูลสินค้า การสั่งซื้อสินค้า ออกใบเสร็จ และตรวจสอบสินค้าคงคลังได้ ซึ่งสามารถนําข้อมูลการจัดการมาวางแผน การจัดซื้อวัตถุดิบ วัสดุอุปกรณ์ การตลาด และการเงิน\r\n', 'Program management purchase and cargo\r\nKK Frames and Accessory Co.ltd\r\n', 'KK frames and Accessory Co.Ltd. At proceed a business about of frames albums and the\r\naccessories. Send sell both of in and the foreign countries. Which have an experience more than\r\n20 years, And now the company has enlarged the productivity more Then want more\r\nadministration effective system. At the present moment, The system in work must use personnel\r\nwitness in the administration. The data arrangement as a document is ordinary. Make that work\r\nhappens with the lateness and easy to mistake. Thus then get build the \"Program management\r\npurchase and cargo” for testify work happen efficiently fastness be correct and make a mistake\r\nleast. The program can seek customer chronicle data orders goods and check treasury reserve\r\ngoods has quickly and is correct. Besides still can lay plans the arrangement buys the raw material\r\nequipment and summarize receipts expenses budget too.\r\nAs above-mentioned the preliminary. Organizer faculty then realize the “Program\r\nmanagement purchase and cargo” for offer the convenience in the work. Make the work has be\r\nfast correct accurate and effective work.\r\n', 'ห้องสืบค้น'),
(0018, '2553', 01, 'ชุดทดลองไมโครคอนโทรลเลอร์ AVR Atmega16 ', 'ปริญญานิพนธ์นี้มีวัตถุประสงค์ เพื่อออกแบบ และสร้างชุดทดลองไมโครคอนโทรลเลอร์ AVR เบอร์ ATmega16 ที่ควบคุมได้ด้วยภาษาซี สําหรับใช้ในการเรียนการสอน วิชา ไมโครคอนโทรลเลอร์\r\nการทดลองประกอบด้วยใบงานจํานวน 10 ใบงานซึ่งแต่ละใบงานจะนําเอาความสามารถ ของไมโครคอนโทรลเลอร์มาใช้งาน ได้แก่ การใช้งาน โปรแกรม AVR studio4/Win AVR C Complier, อินพุตพอร์ตและเอาท์พุตพอร์ต, อินเตอร์รัพท์, ไทม์เมอร์และเคาน์เตอร์, การสื่อสาร ข้อมูลอนุกรมผ่านโมดูล USART,Keypad, การแสดงผลผ่านตัวแสดงผลแบบ 7 ส่วน 4 หลัก และ LCD, ประยุกต์การใช้งานโมดูล ADC, เขียนและอ่านข้อมูลจาก EEPROM ภายใน, Interface 1 wire 2 wire\r\nการดําเนินการของโครงงานเริ่มจากการออกแบบในส่วนของฮาร์ดแวร์และใบงาน การทดลอง ส่วนของฮาร์ดแวร์ประกอบด้วยส่วนอินพุต, LED, 7-Segment, วัดอุณหภูมิ ฯลฯ ในส่วน ของใบงานการทดลองประกอบด้วยเนื้อหาทฤษฎีแบบย่อ โฟลว์ชาร์ต โปรแกรมการทดลองและ แบบฝึกหัดและนําไปทดลองใช้กับนักศึกษาจํานวน 10 คนเพื่อวัดความพึงพอใจ\r\nสรุปผลของโครงงานชุดทดลองไมโครคอนโทรลเลอร์ AVR ATmegal6 ที่ใช้ประกอบ ใบงานการทดลอง 10 ใบงานมีคุณภาพน่าพึงพอใจของผู้ใช้ สามารถนําไปประยุกต์ใช้งานในการ ควบคุมต่าง ๆ ด้วยไมโครคอนโทรเลอร์ได้\r\n', 'Microcontroller AVR ATmega16 Experiment Set', 'This project has an objective to design and build the experimented suit of AVR ATmega16 microcontroller which controlled by C programming language. This experimented suit use for teaching in microcontroller course.\r\nThe experiment consist of 10 labs. Each lab take ability of microcontroller to use in an experiment such as using of AVR studio4/Win AVR C Compiler, Input port and Output port, Interrupt, Timer and Counter, Data serial communication via USART, Keypad, Displaying in 7 segment and LCD, use applicability of ADC module, Write and Read data from internal EEPROM, Interface 1 wire 2 wire.\r\nThe project operation started from designed hardware and experiment lab sheets consist of input, LED, 7- segment, Temperature measurement etc. In experiment lab use to trial with 10 students for measure the satisfaction.\r\nThe summarize of the microcontroller AVR ATmega16 experimented suit use with 10 experiment lab sheets has the satisfy for user and this project can bring to apply for controlling by microcontroller.\r\n', 'ห้องสืบค้น'),
(0019, '2553', 01, 'เพิ่มประสิทธิภาพการทํางานแผงโซล่าเซล', 'การใช้งานแผงโซล่าเซลในปัจจุบันมีการใช้งานมากขึ้น จึงมีแนวคิดที่จะเพิ่มประสิทธิภาพ การทํางานของแผงโซล่าเซล โดยการทําให้แผงโซล่าเซลตั้งฉากกับแสงอาทิตย์ และ สร้างอุปกรณ์ สะท้อนแสง เพื่อให้แผงโซล่าเซล มีประสิทธิภาพในการทํางานมากขึ้น\r\nผลที่ได้จากการทําโครงงาน เพิ่มประสิทธิภาพการทํางานของโซล่าเซล สามารถเพิ่มประสิทธิภาพ การทํางานของแผงโซล่าเซลได้\r\n', 'Effective development of Solar Cell ', 'Due to increasing of solar cell uses nowadays, the increase leads to an idea of improving effectiveness of solar cell panel. It was done by placing solar cell panel perpendicularly to the sun. Then a reflect equipment was conducted in order to increase effectiveness of the solar cell panel.\r\nAs the result, the solar cell panel effectiveness is increased, can effectiveness of solar cell panel.\r\n', 'ห้องสืบค้น'),
(0020, '2552', 01, 'ชุดทดลองไมโครคอนโทรลเลอร์ PIC16F877', 'ปริญญานิพนธ์นี้มีวัตถุประสงค์ เพื่อออกแบบ และสร้างชุดทดลองไมโครคอนโทรลเลอร์ PIC เบอร์ 16F877 ที่ควบคุมได้ด้วยภาษาซี สําหรับใช้ในการเรียนการสอน วิชาไมโครคอนโทรลเลอร์ และผู้สนใจในการเรียนรู้ การควบคุมด้วยไมโครคอนโทรลเลอร์\r\nชุดทดลองไมโครคอนโทรเลอร์นี้ประกอบด้วย 3 ส่วน 1. ชุดทดลอง 2. โปรแกรมภาษา C 3. คู่มือการทดลอง 10 การทดลอง\r\nชุดทดลองไมโครคอนโทรลเลอร์ PIC16F877 นี้ พบว่า สามารถเขียนโปรแกรมลงในตัว ไมโครคอนโทรลเลอร์ เพื่อควบคุมการทํางานของไมโครคอนโทรลเลอร์ได้ตามที่การทดลอง กําหนด ด้วยการแสดงผลผ่านตัวแสดงผลแบบ 7 ส่วน 4 หลัก จากชุดทดลองที่ได้ออกแบบนี้ สามารถนําไปใช้ประกอบการเรียนการสอนในวิชาไมโครคอนโทรลเลอร์ และผู้สนใจศึกษา การควบคุมไมโครคอนโทรลเลอร์ด้วยโปรแกรมภาษา C จากการทดลองทั้ง 10 การทดลอง สามารถนําไปประยุกต์ใช้งานในการควบคุมต่าง ๆ ด้วยไมโครคอนโทรเลอร์ได้\r\n', 'Microcontroller PIC16F877 Experiment Set', 'This thesis is intended to design and create a PIC16F877 microcontroller training kit controlled by C programming language. This kit will be used for microcontroller. Microcontroller subject and those who are interested in learning how to a control\r\nThe training kits consist of: 1) the microcontroller training kit; 2) C programming language and; 3) ten training manuals.\r\nThis PIC16F877 microcontroller can be found programmable in microcontroller fro controlling microcontroller as intended. The displays are 7 segment 4 digits. The design can be used for Microcontroller subject and those who microcontrollers. are interested in using microcontroller. The 10 training kits can be applied to other\r\n\"controller. The 10 crocontroller subject displays are 7\r\n', 'ห้องสืบค้น'),
(0021, '2552', 03, 'ระบบประมวลผล เพื่อใช้ในการตรวจข้อสอบชนิดตัวเลือก ', 'ปัจจุบันเทคโนโลยีได้เข้ามามีบทบาทอย่างมากในชีวิตประจําวันของมนุษย์ ซึ่งช่วยให้มนุษย์ ได้รับความสะดวกสบายมากยิ่งขึ้น โครงงานนี้ก็เป็นอีกส่วนหนึ่งที่ช่วยอํานวยความสะดวกให้กับ มนุษย์ในด้านการตรวจข้อสอบ\r\nเนื่องจากในอดีตการตรวจข้อสอบเราต้องใช้กระดาษคําตอบเอามาเจาะรูเอาเฉพาะข้อที่ถูก แล้วก็ นําไปทาบกระดาษคําตอบอีกแผ่นหนึ่ง เพื่อดูข้อที่ถูกแล้วใช้ปากกาสีแดงขีดข้อที่ถูกต้อง ต่อมาได้มี การผลิตเครื่องตรวจข้อสอบแบบวัดความเข้มของคาร์บอน จนกลายมาเป็นเครื่องตรวจข้อสอบแบบ สแกนที่มีความเร็วสูง การตรวจข้อสอบทําได้เร็วขึ้นมากสะดวกความผิดพลาดน้อยมากจนถึงไม่มี เลย ข้อมูลสามารถนําไปใช้ประโยชน์ในทางคอมพิวเตอร์ได้ทันทีโดยไม่ต้องไปพิมพ์ใหม่อีกครั้ง นับว่าสะดวกมาก\r\nจึงได้คิดค้นโปรแกรมตรวจข้อสอบแบบกากบาทขึ้น ซึ่งสามารถใช้งานได้จริง โปรแกรม การตรวจข้อสอบแบบกากบาท มีวัตถุประสงค์เพื่อช่วยในการตรวจข้อสอบประเภทปรนัยที่อํานวย ความสะดวกให้กับอาจารย์ผู้สอนและยังสามารถลดระยะเวลาที่ใช้ในการตรวจข้อสอบ ของอาจารย์ ผู้สอน\r\nจากการนําโปรแกรมไปใช้งานจริงพบว่าโปรแกรมสามารถใช้งานได้ดี และสามารถทํางาน ได้ตามวัตถุประสงค์คือ สามารถอ่านภาพเฉลยและภาพกระดาษคําตอบเข้าไปทําการประมวลผล และวิเคราะห์ผลคะแนนโดยใช้โปรแกรมได้ ทําให้มีความสะดวกสบายมากขึ้นทั้งยังสามารถ จัดเก็บผลคะแนนได้ในรูปแบบของไฟล์ Microsoft Excel ทําให้ง่ายต่อการตรวจสอบผลคะแนน และง่ายต่อการนําข้อมูลคะแนนไปใช้งานต่อ\r\n', 'Answer sheet checking system using image processing\r\n', 'Now the Technology has come in to have a role at most in the everyday life of a human,\r\nwhich, help give a human receives the easiness more and more. This project is again one part that\r\nhelps to offer the convenience give with a human in the sense of checking examination.\r\nBecause of, in checking examination our past must use answer paper brings to perforate take especial that touch then , induce lay flat against answer paper again one, for see at touch\r\nalready use red pen scratches that is correct. Later have production checks the examination like\r\nmodel intensity temple of until carbon changes to come to is check the examination like model, the axle that have tall speed. Checking examination can fast go up convenient very a little error until has no. The data has can to apply the advantage in the sense of the computer immediately by\r\nmust not go to print new again regard as easily.\r\nThen realize search program writing checks the examination like model, the cross goes up which, can be usable effectively. Checking examination program like model, the cross has the objective for, help in checking examination objective kind that offer the convenience to give with the teacher and still can decrease the period of time that use in checking examination of the teacher.\r\nFrom program lead goes to are usable true meet that, a program can is usable well, and can work get follow the objective, be, can read a picture gives the answer, and, paper answer picture enters to do the data processing and analyses the points by can use a program, make have the easiness more and more. Both of still can store the points has in the format of the file , Microsoft Excel, make , easy build wasp checking the points, and easy build wasp data points lead goes to\r\nare usable build wasp.\r\n', 'ห้องสืบค้น'),
(0022, '2552', 01, 'จักรยานสามล้อไฟฟ้า Hybrid tricycle', 'เนื่องจากข้อจํากัดของจักรยานที่จําเป็นต้องใช้กําลังจากการปั่นอย่างเดียว ทําให้คนส่วนใหญ่ เกิดความไม่สะดวกสบายในการเดินทาง ดังนั้น โครงการนี้เป็นการคิดค้นออกแบบและสร้าง รถจักรยานไฟฟ้าประหยัดพลังงานสมัยใหม่ ซึ่งเป็น “รถจักรยานสามล้อไฟฟ้า” ชนิดสองล้อหน้า หนึ่งล้อหลัง เป็นระบบการเอียงล้อขณะเลี้ยวเพื่อให้มีวงเลี้ยวที่แคบ และยังสามารถใช้ความเร็วได้ อย่างปลอดภัยขณะเข้าโค้ง\r\nระบบพลังงานเป็นระบบไฮบริดจ์หรือลูกผสมระหว่างพลังงานจากการปั้น และใช้พลังงาน ไฟฟ้าจากแบตเตอรี่ 12V 12A จํานวน 2 ลูก และขับเคลื่อนล้อหลังด้วยมอเตอร์กระแสตรงแบบมี เฟืองทด 24 V 350W ใช้ไมโครคอนโทรลเลอร์ตระกูล PIC ในการควบคุมความเร็วมอเตอร์ และ สามารถให้ความเร็วสูงสุดที่ 20 กิโลเมตรต่อชั่วโมง\r\n', 'Department of Faculty Project Report Advisor\r\nHybrid Tricycle\r\n', 'Due to the limitations of the bike that is needed from a single spin. Most of the people not to travel in comfort. So, this project is to explore design Create a bicycle and create a modern energy-saving electric bicycle. This is \"Hybrid Tricycle” Two types of front wheel rear wheel a tilt wheel while turning the system to turn the narrow band It also can be used safely when the speed curve. High Bridge power system or a hybrid between energy from the spin and Electrical power from battery 12V 12A number 2 amount. Rear wheel drive and a direct current motor with a gear commute 24 V 350W. Use PIC microcontroller to control motor speed. And can provide a maximum speed 20 kilometers per hour.\r\n', 'ห้องสืบค้น'),
(0023, '2549', 01, 'รถไฟฟ้าสําหรับคนพิการ\r\n', 'โครงงานนี้เป็นการศึกษาถึงความเป็นไปได้ ของการสร้างรถไฟฟ้าสําหรับคนพิการซึ่งจะ เคลื่อนที่และควบคุมด้วยการใช้มอเตอร์เป็นต้นกําลังในการขับเคลื่อน และการบังคับทิศทางเลี้ยว โดยใช้วงจรอิเล็กทรอนิกส์เข้าช่วย มีแบตเตอรี่เป็นแหล่งพลังงานจ่ายกระแสไฟฟ้า ให้กับ มอเตอร์ซึ่งสามารถทําให้รถเข็นเคลื่อนที่ไปในทิศทางที่ต้องการประกอบไปด้วย\r\n- ความสามารถในการวิ่งบนเส้นทางตรงธรรมดา - ความสามารถในการเปลี่ยนทิศทางเมื่อต้องการ จะเลี้ยวซ้ายหรือเลี้ยวขวา - ความสามารถที่จะหยุดในเวลาและระยะทางที่กําหนด - ความสามารถในการวิ่งขึ้นที่ลาดชัน\r\nการสร้างรถไฟฟ้าสําหรับคนพิการขับเคลื่อนด้วยระบบไฟฟ้าขึ้นนี้อาจพบเห็นกันบ่อย แต่ สําหรับรถไฟฟ้าสําหรับคนพิการชุดนี้ เป็นการนําทรัพยากรที่มีอยู่แล้วมาใช้ประโยชน์ให้เกิดสูงสุด\r\nรถไฟฟ้าสําหรับคนพิการชุดนี้ ใช้วงจรอิเล็กทรอนิคส์ควบคุมการเคลื่อนที่ของมอเตอร์ และเป็นตัวตัดต่อในระบบการส่งกําลังของมอเตอร์แหล่งจ่ายพลังงานใช้แบตเตอรี่ขนาด 12 โวลต์ 10 แอมป์ 2 ลูก\r\n', ' ELECTRICAL WHEELCHAIR\r\n', 'This project is a case study of the possibility to build Electrical Wheelchair by using the motor is the main drive to moving and using the Electronic control turning System to control moving direction. The battery source powered to motor that make the Electrical Wheelchair can be moving in to the specific direction. These Function are composed of:\r\n- The ability to run in a straight line and maintain the way. - The ability to change direction when we want to turn left and turn right. - The ability to stop in a limit time and stop at the specific land work. - The ability to run in a slope to degree.\r\nYou probably see a lot of Electrical Wheelchair but this is a differrent one be we took normal wheelchair and after that using the Electrical control system but our Electrical Wheelchair is a differrent one by using the existing resource 1:01:\r\nThis Electrical Wheelchair use Electronic control system to control moving divection (left & right) and also use Electronic control system is the contro!\r\nfor the power sources of motor using 2 batteries 12 Volts 10 Amp.\r\n', 'ห้องสืบค้น'),
(0024, '2551', 01, 'ระบบตรวจสอบ บันทึกและควบคุมอุณหภูมิและความชื้นของห้อง คอมพิวเตอร์แม่ข่าย', 'เนื่องจากภายในห้องคอมพิวเตอร์แม่ข่าย มีความสําคัญสูงสุดในระบบเครือข่ายคอมพิวเตอร์ จําเป็นต้องควบคุมอุณหภูมิและความชื้น เพราะถ้าอุณหภูมิและความชื้นที่ผิดปกติ อาจส่งผลให้ คอมพิวเตอร์แม่ข่ายและอุปกรณ์เครือข่ายหลักชํารุดและเสียหายได้ ผู้รับผิดชอบห้องคอมพิวเตอร์ แม่ข่ายของมหาวิทยาลัยเทคโนโลยีราชมงคลอีสาน นครราชสีมา มีความต้องการระบบตรวจสอบ บันทึกและควบคุมอุณหภูมิและความชื้นของห้องคอมพิวเตอร์แม่ข่ายของ มหาวิทยาลัยเทคโนโลยี ราชมงคลอีสาน เพื่อให้ห้องคอมพิวเตอร์แม่ข่ายมีอุณหภูมิและความชื้นที่เหมาะสมตลอดเวลา\r\n', 'Room monitoring and room temperature control Host computer', 'Because the computer room. Most important in computer networking. Temperature and humidity must be controlled. If abnormal temperature and humidity can damage the host computer and the main network device, it can be damaged. Responsible computer room The staff of Rajamangala University of Technology Northeastern Nakhonratchasima has a need for a monitoring system. Record and control the temperature of the host computer room. Rajamangala University of Technology Isan to provide the computer room with the temperature and humidity at all times.', 'ห้องสืบค้น'),
(0025, '2553', 01, 'เครื่องเจาะแผ่นปริ้นท์อัตโนมัติ', 'ในปัจจุบันอุตสาหกรรมได้พัฒนาขึ้นอย่างมาก เพื่อคุณภาพและปริมาณของผลผลิตจึงได้ มีการนําคอมพิวเตอร์เข้ามาใช้ในระบบควบคุมของเครื่องจักร เช่น การเจาะแผ่นปริ้นท์ หากใช้ แรงงานคนในการเจาะจะทําได้ช้า และอาจจะเกิดความผิดพลาดเมื่อทําการเจาะแผ่นปริ้นท์ เป็นเวลานาน ดังนั้นจึงได้มีการพัฒนาโดยการสร้างเครื่องจักรสําหรับเจาะแผ่นปริ้นท์และมีการ ควบคุมโดยคอมพิวเตอร์ให้เป็นระบบอัตโนมัติ โดยเครื่องเจาะแผ่นปริ้นท์อัตโนมัติจะสามารถ เคลื่อนที่ได้ 3 แกน คือในแนวแกน X เป็นระยะทาง 150 มม. แกน Y 200 มม. และ แกน Z 100 มม. การขับเคลื่อนจะใช้สเต็ปปิ้งมอเตอร์เป็นตัวกําเนิดกําลังส่งผ่านเกลียวไปขับชุดเคลื่อนที่ การควบคุม การทํางานของสเต็ปปิ้งมอเตอร์จะควบคุมโดยใช้สัญญาณจากชุดควบคุมซึ่งรับมาจากคอมพิวเตอร์\r\n', 'Automatic PCB Drilling Machine.', 'Current development in industry has been toward computer controlled manufacturing to\r\nincrease quality and quantity of products. Manual manufacturing of such items as the circuit board will have a big faulty case and uneven quality. Then we have developed an automatic print\r\ncircuit board drilling machine which is controlled by computer automatic print circuit board\r\ndrilling machine can move in three dimensions as X axial in range 150 mm. , Y axial 200 mm.,\r\nZ axial 100 mm. It is powered by stepping motor, power is transmitted by ball screw to drive unit.\r\nStepping motor in controlled by signal from computer that sent though control panel.\r\n', 'ห้องสืบค้น'),
(0026, '2553', 02, 'ระบบควบคุมอุปกรณ์ไฟฟ้าผ่านเครือข่ายอินเตอร์เน็ต', 'โครงงานนี้ได้นําเสนอ การออกแบบ ระบบควบคุมอุปกรณ์ไฟฟ้าผ่านเครือข่ายอินเตอร์เน็ต โดยผู้นําเสนอโครงการได้ทําการสร้างอุปกรณ์ที่ใช้ในการควบคุมการ เปิด - ปิด อุปกรณ์ไฟฟ้า เมื่อนํามาเชื่อมต่อกับ ARM7 เบอร์ LPC2368 ที่ได้ทําการเขียนโปรแกรมให้ทํางานเป็น Web Server ที่คอยให้บริการกับผู้ใช้ที่เชื่อมต่อระบบในรูปแบบ Ethernet ผ่านทาง Protocol TCP/IP โดยผู้ใช้ สามารถที่จะทําการเข้าสู่ระบบควบคุม โดยการป้อนรหัสผ่านที่ถูกต้องผ่านทาง Web Browser เช่น Microsoft Internet Explorer, Mozilla Firefox เป็นต้น หลังจากนั้นผู้ใช้ก็สามารถสั่ง เปิด ปิด อุปกรณ์ได้ตามเวลาที่ต้องการ โดยระบบนี้สามารถที่จะโชว์เวลาการทํางานและสถานะ ของการทํางานอุปกรณ์ไฟฟ้า และมีการทํางานส่วนของ Manual ด้วย เพื่อที่จะสามารถสั่งงาน ในขณะที่ระบบมีปัญหาได้\r\n', 'Electric Appliances Control via Internet\r\n', 'This project provides electrical control system via the Internet. The leading proposal is to\r\ncreate a device used to control the on-off electrical equipment when used to connect to the\r\nARM7 number LPC2368 have to write programs to run a Web Server to serve the users\r\nconnected to the system. format via Ethernet Protocol TCP/IP user can log control By entering\r\nthe correct password through a Web Browser such as Microsoft Internet Explorer, Mozilla\r\nFirefox, etc. Then the user can add on - turn off the device when needed. The system is able to\r\nshow at work and status of electrical work. And functions of the Manual, to be run when the\r\nsystem has problems.\r\n', 'ห้องสืบค้น'),
(0027, '2553', 02, 'ระบบแจ้งเตือนเหตุฉุกเฉินแบบไร้สายภายในบ้าน', 'โครงการนี้ จะจัดทําอุปกรณ์ที่ช่วยผู้สูงอายุในกรณีที่เกิดอุบัติเหตุ โดยใช้ข้อความสั้น หรือ ที่รู้จักกันทั่วไปว่า SMS จากโทรศัพท์มือถือเป็นสื่อกลางในการเตือนอุบัติเหตุ โดยใช้ตัวตรวจจับ ความลาดเอียงและความเร่งทํางานควบคู่ กับ ไมโครคอนโทรลเลอร์ โดยนํากล่องอุปกรณ์ติดกับ สายรัดเอว แล้วนําสายรัดเอว รัดกับตัวผู้สูงอายุ เมื่อผู้อายุเกิดการล้ม ตัวตรวจจับสามารถตรวจจับ ความลาดเอียงและความเร่งได้จะส่งสัญญาณไปที่ไมโครคอนโทรลเลอร์และไมโครคอนโทรลเลอร์ จะส่งสัญญาณให้โทรศัพท์ส่งข้อความแจ้งเตือนการเกิดอุบัติเหตุ ไปยังเบอร์โทรศัพท์ปลายทาง ที่บันทึกไว้ ในระบบ ให้ผู้รับข้อความทราบ จะได้ช่วยเหลือได้ทันที ตัวอุปกรณ์ที่ได้จัดทําขึ้นมา สามารถแจ้งเตือนการเกิดอุบัติเหตุได้ดังตามที่ได้กล่าวมาข้างต้น', 'Wireless Emergency Alarm System with In Home', 'This project will create devices that help the elderly in case of accident. Using the short\r\nmessage, or commonly known as SMS. From mobile phones as a medium to alert accident using\r\nthe slope detection and running in conjunction with the acceleration microcontroller. The Camera\r\nkit with waist strap and the waist strap band with male aging. When the age of the fall. Sensor can\r\ndetect the slope and acceleration will send a signal to the microcontroller and the microcontroller\r\nwill signal the device to send notification of an accident to the destination telephone number\r\nstored in the recipient in mind. Will help immediately. The device was made to alert the accident.\r\nSuch as discussed above.\r\n', 'ห้องสืบค้น'),
(0028, '2553', 01, 'ตู้ขายน้ําดื่มอัตโนมัติ', 'น้ําเป็นปัจจัยสําคัญในการดํารงชีวิต ดังนั้นน้ําที่เราดื่มควรเป็นน้ําที่สะอาดและหาซื้อได้ง่าย สะดวก ปัจจุบันได้มีการขายน้ําโดยเครื่องขายน้ําอัตโนมัติตลอด 24 ชม. แต่เครื่องขายน้ําอัตโนมัติ มีราคาสูง จึงมีความคิดที่จะลดต้นทุนในการผลิตเครื่องขายน้ํา ซึ่งสามารถทํางานได้เหมือนกันกับ เครื่องขายน้ําทั่วไป มีฟังก์ชั่นการทํางานที่เหมือนกัน และมีการแจ้งเตือนสถานะเมื่อเครื่องไม่มีน้ํา หรือว่าเครื่องพร้อมใช้งาน\r\nหลังจากทําการติดตั้งและทดลองใช้งานจริงแล้ว พบว่าเมื่อมีการหยอดเหรียญเพื่อซื้อน้ํา เป็นจํานวนเงิน 1 บาท เครื่องจะจ่ายน้ําให้เท่ากับจํานวนน้ําคือ 1 ลิตร ซึ่งได้ค่าที่ตรงตามต้องการ ซึ่งได้ทําการทดสอบหลายๆครั้งปรากฏว่าได้ผลใกล้เคียงกับค่าเดิมคือ 1 ลิตร ซึ่งในที่นี้ได้ใช้ การจับเวลาเพื่อหาปริมาณน้ําทําให้ได้ผลเป็นที่น่าพอใจ ซึ่งตู้น้ําหยอดเหรียญช่วยลดต้นทุน ในการผลิตและยังมีฟังก์ชั่นการทํางานที่หลากหลายมากขึ้นด้วย และสามารถพัฒนาเป็นธุรกิจต่อไป ในอนาคตได้\r\n', 'Automatic water container sales', 'Water is an important factor in life. Therefore, the water we drink should be water that is clean and affordable easy. There is now selling water by the automatic vending machine, water 24 hours. Automatic vending machines, but the water is expensive. It is thought to reduce production costs, water vending machines. This works the same as the general water vending machines. A function of the same work. And an alert status when the machine without water or that the machine is available.\r\nAfter the installation and trial of fact. Found that when the coin to buy the amount of water is 1 baht pumping equipment is equal to the amount of water is 1 liter. Has to match demand. Which they were tested several times appeared to be similar to the original value is 1 liter. In this case use the timer for the amount of water the results are satisfactory. The coin container of water to help reduce production costs and also functions to work with more diverse. And to develop the business further in the future.\r\n', 'ห้องสืบค้น'),
(0029, '2553', 01, 'ฐานยิงปืนระยะไกลแบบไร้สาย\r\n', 'เนื่องจากปัจจุบันทางกองทัพบก ต้องใช้งบประมาณจํานวนมากในการฝึกทหาร จึงมีแนวคิดที่จะ ออกแบบฐานยิงปืนระยะไกลแบบไร้สาย โดยการนําต้นแบบมาจากปืนต่อสู้อากาศยาน 12.7 มิลลิเมตร แบบ เอ็ม-16 เพื่อให้ทหาร ได้เพิ่มทักษะก่อนทําการฝึกจริง และลดต้นทุนในการฝึกทดสอบการยิงปืน\r\nผลที่ได้จากการทําโครงงานฐานยิงปืนระยะไกลแบบไร้สาย สามารถฝึกเพื่อเพิ่มประสิทธิภาพ ให้กับทหารก่อนฝึกจริงในภาคสนาม\r\n', 'Based shooting wireless remote\r\n', 'Because of the current Army. Have to spend a lot of military training. Is a concept to design a\r\nBase Shooting wireless remote. The simulation comes from a 12.7 mm antiaircraft gun model M -16 to\r\nfor military training to increase skills training before to the real training in Field. And decrease the capital\r\nin training tests shooting\r\nThe outcome of the project Based shooting wireless remote. Can Optimization for military\r\ntraining to increase skills training before to the real training in Field.\r\n', 'ห้องสืบค้น'),
(0036, '2554', 02, 'เครื่องแจ้งสถานะเครื่องเซิร์ฟเวอร์ทางข้อความมือถือ', 'การแจ้งเตือนเมื่อเครื่องเซิร์ฟเวอร์ หรือ บริการเกิดเหตุขัดข้องสามารถแจ้งเตือนได้ หลากหลายช่องทาง แต่เมื่อผู้ดูแลระบบไม่ได้อยู่สถานที่ปฏิบัติการหรืออยู่สถานที่ที่สามารถได้รับ การแจ้งเตือนอย่างจํากัด การแจ้งเตือนที่จะทําให้ผู้ดูแลระบบรับทราบเหตุขัดข้องได้อย่างรวดเร็ว คือการแจ้งเตือนไปยังโทรศัพท์เคลื่อนที่ของผู้ดูแลระบบโดยการส่งข้อความตัวอักษร เพื่อแสดง รายละเอียดเหตุการณ์ที่เกิดขึ้นและสามารถเก็บข้อมูลไว้เพื่อทําสถิติได้ จึงทําให้ผู้ดูแลระบบรับรู้ ปัญหาและสามารถวางแผนการจัดการหรือแก้ไขปัญหากับเหตุการณ์ที่เกิดขึ้นได้รวดเร็วยิ่งขึ้น ทําให้ลดทอนความเสียหายที่อาจจะเกิดขึ้นจากเครื่องเซิร์ฟเวอร์หรือบิรการที่เกิดเหตุขัดข้องเป็น\r\nเวลานาน\r\nจากการสร้างเครื่องแจ้งสถานะเครื่องเซิร์ฟเวอร์ทางข้อความมือถือพบว่าเครื่องสามารถแจ้ง เตือนเหตุขัดข้องของเครื่องเซิร์ฟเวอร์และบริการได้ และสามารถพัฒนาเครื่องแจ้งสถานะเครื่อง เซิร์ฟเวอร์ทางข้อความมือถือ ให้สามารถแจ้งเตือนเหตุการณ์ในช่องทางอื่นๆ ได้\r\n', 'Department of Alert Status Server By SMS', 'Server or service disruptions can be notified via variety of channels. If administrator is\r\nnot in workplace, they will be a limited notification. A good notification channel enables\r\nadministrator to acknowledge the problem\r\nquickly. Notification with SMS via administrator\r\nmobile phone is a good channel. Notification can be consist of information of server or service\r\ndisruption. Administrator can analyze, plan, and recover the incident quickly to reduce the impact\r\nof the incident.\r\nAfter the development and test of Alert status server by SMS the system works perfectly.\r\nIt can notify of server or service disruption correctly. This system can be modified. This system\r\ncan be modified to notify server or service disruption via other channels\r\n', 'ห้องสืบค้น');
INSERT INTO `thesis` (`ThesisID`, `Thesis_Year`, `Category`, `Title_Th`, `Abstract_Th`, `Title_En`, `Abstract_En`, `LocationCollection`) VALUES
(0037, '2554', 02, 'โปรแกรมควบคุมจัดการป้ายไฟอักษรวิ่งผ่านระบบเครือข่าย ', 'โครงงานโปรแกรมควบคุมจัดการป้ายไฟอักษรวิ่งผ่านระบบเครือข่าย จัดทําขึ้นเพื่อ ความสะดวกรวดเร็วในการแจ้งข้อมูลข่าวสาร โดยรองรับการควบคุมการจัดการเช่น การจัดเก็บ ข้อความล่วงหน้า การกําหนดระยะเวลา การกําหนดความสําคัญ เป็นต้น ผ่าน Web server ในระบบ เครือข่าย TCP/IP', 'Moving Sign Control Management ', 'This project is a type of Moving Sign Control Management via Ethernet for the convenience builds the supervision and information various fact. The program can be control management program for moving sign. Message calendar, Importance specification in message before and after respectively get.\r\n', 'ห้องสืบค้น'),
(0041, '2555', 02, 'ระบบการจัดการฐานข้อมูลของบุคลากร โรงพยาบาลจิตเวช นครราชสีมาราชนครินทร์', 'ปัจจุบันกระบวนการจัดการบุคลากร โรงพยาบาลจิตเวชนครราชสีมาราชนครินทร์ใช้ ระบบเอกสารในการดําเนินการ ทําให้เกิดขั้นตอนที่ยุ่งยาก ซับซ้อนและสิ้นเปลืองเวลา ดังนั้น ผู้จัดทําได้พัฒนาเว็บไซต์ “ ระบบจัดการบุคลากร โรงพยาบาลจิตเวชนครราชสีมาราชนครินทร์ ” ขึ้น โดยการใช้ภาษาเอเอสพีดอทเน็ต (Asp.net) ร่วมกับภาษาวิชวลเบสิก (Visual Basic) และใช้ เทคโนโลยีเอแจ็กซ์ (Ajax) ทําให้ได้เว็บไซต์ที่สามารถจัดการข้อมูลต่าง ๆ อาทิเช่น ข้อมูลการลา ข้อมูลทั่วไปของบุคลากร จัดการข้อมูลอื่น ๆ ที่เกี่ยวข้องในรูปแบบฐานข้อมูล โดยเฉพาะอย่างยิ่ง ข้อมูลการลา\r\nจากการนําเว็บไซต์ดังกล่าวไปใช้ในโรงพยาบาลและสํารวจความพึงพอใจพบว่า ผู้ใช้มี ความพึงพอใจในด้านประสิทธิภาพ 98.3 % ในด้านลดการใช้ทรัพยากร 99 % และในด้านความสะดวก มีค่าเฉลี่ยในเกณฑ์ดีมาก\r\nคําสําคัญ : ระบบการจัดการฐานข้อมูล ภาษาเอเอสพีดอทเน็ต\r\n', 'Human Resource Database Management System For Nakhonratchasima Rajanagarindra Psychiatric Hospital', 'Previously, the Human Resource database management system of Nakhornratchasima RaJanagarindra Psychiatric Hospital was still paper works that consisted of many procedures and time consuming. One of the complicated procedural problems requesting for a solution is the absence permissions. Therefore the project aims to reduce the problem by conducting a website \"Human Resource Database Management System For Nakhonratchasima Rajanagarindra Psychiatric Hospital”. The website conducted by using Asp. Net, Visual Basic program language, and Ajax technology in order to manage the data related such as general data about officers, presence and absence data, including the request and permission procedures.\r\nAfter the website was used and surveyed users satisfactions, the results have shown in percentages that the users were satisfied in the website effectiveness 98.3 %, the resources saving 99 %, and convenience is very good in average.\r\nKeywords : Database, Asp.net\r\n', 'ห้องสืบค้น'),
(0042, '2555', 02, 'ระบบบริหารจัดการห้องพัก ออนไลน์ ', 'ปริญญานิพนธ์ระบบบริหารจัดการห้องพักออนไลน์ นี้ได้จัดทําขึ้นมาโดยมีวัตถุประสงค์ เพื่ออํานวยความสะดวกและรวดเร็วในการบริหารจัดการห้องพัก การจองห้องพักออนไลน์ การจัดการ บัญชีและการบันทึกข้อมูลผู้ใช้บริการ ทั้งนี้ยังมีเว็บไซต์ที่สามารถแนะนําสถานประกอบการห้องพัก โดยมีการพัฒนาในรูปแบบเว็บแอพพลิเคชัน ผู้ใช้งานสามารถเพิ่มเติมรายละเอียดและ จัดการฐานข้อมูลของสถานประกอบการห้องพักได้ด้วยตนเองตามต้องการ\r\nผู้จัดทําปริญญานิพนธ์นี้ได้เลือกใช้ซอฟต์แวร์จัดการฐานข้อมูลมายเอสคิวแอล (MySQL) ใช้ในการจัดการฐานข้อมูลและใช้ภาษาพีเอสพี (PHP) ภาษาจาวาสคริปต์ (Java Script) ในการพัฒนาระบบใช้เทคโนโลยีเจคิวรี (jQuery) และซีเอสเอส (CSS) ในการตกแต่งหน้าเว็บเพจ เพื่อเติมความสวยงามให้แก่เว็บแอพพลิเคชันและใช้ซอฟต์แวร์แอพเซิร์ฟ (Appserve) เป็นเว็บเซิร์ฟเวอร์ (Web server) เมื่อจัดทําระบบที่สามารถใช้งานได้จริงแล้วทางผู้จัดทําได้ทํา การสํารวจความพึงพอใจและทดสอบระบบจากผู้ใช้งานจริง จากสถานประกอบการธุรกิจห้องพัก ในจังหวัดนครราชสีมา\r\nโดยสํารวจจากผู้เข้าร่วมทดสอบ 13 คน จากการสํารวจความพึงพอใจอยู่ในเกณฑ์ดีมาก และมีการทดสอบประสิทธิภาพการใช้งานเป็นจํานวน 100 ครั้ง ระบบสามารถใช้งานได้ 98.43% ซึ่งถือว่าใช้งานได้จริง\r\n', 'Online room rental management system', 'Online room rental management system thesis (study) aims to promote feasibility and accessibility of room management , online booking, accounting and customer history record. Moreover, room rental area recommendation website is presented in form of web application which users can upload detailed information and room rental area database by themselves.\r\nOur thesis group used MySQL for database management and used PHP language and Java Script in system development. We also used jQuery technology and CSS for website application design and used Appserve as Web Server. After the practical system was created, we launched a satisfaction survey and tested the system by real users which is room rental business places in Nakhon Ratchasima.\r\nAccording to 13 volunteers, the result of system satisfaction is excellent. The efficiency of the system was tested for 100 times and it turned out to be 98.43% practiced which is considered practical for this system.\r\n', 'ห้องสืบค้น'),
(0043, '2548', 01, 'ระบบควบคุมอุปกรณ์ไฟฟ้าและแสงสว่างภายในบ้านด้วยโทรศัพท์\r\n', 'ปริญญานิพนธ์ฉบับนี้ ได้กล่าวถึงการออกแบบระบบและการเขียนโปรแกรมใช้ควบคุม การเปิดและปิดอุปกรณ์ไฟฟ้าภายในบ้านผ่านทางโทรศัทพ์เคลื่อนที่ Siemens C35 โดยได้นําเอา ไมโครคอนโทลเลอร์มาใช้เป็นตัวกลางในการควบคุมชุดอุปกรณ์ไฟฟ้าภายในบ้าน ซึ่งโครงงานนี้ ได้ทําโมเดลชุดควบคุมไฟฟ้าโดยจะมีหลอดไฟจํานวน 3 หลอดและเต้ารับ จํานวน 2 เต้ารับ เพื่อที่จะต่อเข้ากับอุปกรณ์ภายนอกได้ เมื่อมีการโทรศัพท์สั่งงานการเปิด - ปิดอุปกรณ์เข้ามา ระบบจะทําการสร้างความปลอดภัยในระดับหนึ่งคือ จะมีการถามรหัสผ่านจากผู้ใช้ ถ้ามีการกด รหัสผ่านถูกต้องถึงจะสามารถเข้าไปควบคุมอุปกรณ์ได้ และเมื่อผ่านเข้ามาได้ จะมีการแจ้งเตือน สถานะของหลอดไฟ หรืออุปกรณ์ แต่ละตัวว่า ณ ขณะนั้นมีสถานะ เปิดหรือปิดอยู่ ชุดควบคุมการ ทํางานหลัก ๆ ของโครงงานนี้จะเป็นการทํางานในส่วนของ ไมโครคอนโทลเลอร์ ตระกูล MCS-51 โดยจะมีการเขียนโปรแกรม Assembly ควบคุมการทํางาน IC ไมโครคอนโทลเลอร์เพื่อให้สามารถ ทํางานร่วมกับอุปกรณ์ ภาคอื่น ๆต่อไป\r\n', 'CONTROL ELECTRIC BY MOBILE PHONE SYSTEM', 'This project has mentioned about system and program design for controlling of turning on and off electrical equipment through mobile phone (Siemen C35) by utilizing micro-controller as a medium in controlling household electrical utensils. We have produced an electrical control set with 3 light bulbs and 2 sockets in order to connect to external equipment. When we call into the cell phone giving command to turn on and off, the system will process through some certain level of safety. It will ask for password. If correct password is entered, the system will allow the caller to access to it. Then, status of the light bulbs or equipment will be reported whether they are on or off. The main control set of the project will activate part of the microprocessor type MSC-51. A program using Assembly language is used to control the IC in the micro-controller in order to work in concert with equipment from other sectors.\r\n', 'ห้องสืบค้น'),
(0044, '2548', 01, 'เครื่องทําปุ๋ยหมักชีวภาพควบคุมโดยไมโครคอนโทรลเลอร์', 'เนื่องจากในชนบทนั้นมีการทําเกษตรกรรมกันมาก และเกษตรกรส่วนใหญ่ได้หันมาใช้ ปุ๋ยเคมีแทนการใช้ปุ๋ยหมักชีวภาพกันมากขึ้น ซึ่งปุ๋ยเคมีนั้นมีข้อเสียหลาย ๆ อย่าง เช่น ทําให้ดิน เสื่อมสภาพ เกิดสารเคมีตกค้างในพืชผัก ในแหล่งน้ํา หรือเกิดสารเคมีตกค้างในร่างกายมนุษย์ และปัญหาที่ใหญ่ที่สุดของเกษตรกรคือ ราคาปุ๋ย ซึ่งราคาปุ๋ยเคมีมีการปรับตัวสูงขึ้นอย่างต่อเนื่อง ทําให้เกษตรกรมีต้นทุนที่สูงขึ้น หากเกษตรกรต้องการทําปุ๋ยหมักชีวภาพไว้ใช้เองจะเสียเวลามาก เพราะว่าวิธีการทําปุ๋ยหมักชีวภาพนั้นต้องคอยควบคุมอุณหภูมิของปุ๋ยในขณะหมักไม่ให้อุณหภูมิ ร้อนเกินระดับที่พอดี หากการควบคุมอุณหภูมิขณะหมักเกิดความคลาดเคลื่อน จะส่งผลทําให้ ปุ๋ยหมักชีวภาพที่ได้ขาดคุณภาพและเสียหายได้ ดังนั้นทางผู้จัดทําโครงงานนี้จึงมีแนวความคิด ที่จะสร้างเครื่องทําปุ๋ยหมักชีวภาพขึ้นมา เพื่อแก้ไขปัญหาดังกล่าว และเพื่ออํานวยความสะดวก ให้แก่เกษตรกร\r\n', 'Biology manure machine control by microcontroller\r\n', 'In case of local habitant, they\'re gardeners. In case of uses of manures. Disadvantage such as: soil pollution, they\'re a lot of mass in vegetables, water pollution, in body human, the big problems of agriculture, cost, price increase continue they are lose, lost of time. The process of biology manure we\'ll look after the warm temperature. The important of temperature we must mix in decrease temperature. We must do it continue, until it\'s normally we must lose the time for check temperature. So I invent this machine, for specific the temperature and mix it by itself in specific temperature.', 'ห้องสืบค้น'),
(0046, '2548', 01, 'ระบบควบคุมการเปิด-ปิดอุปกรณ์ไฟฟ้าผ่านเครือข่าย GPRS บน โทรศัพท์เคลื่อนที่', 'โครงงานระบบควบคุมการเปิด - ปิดอุปกรณ์ไฟฟ้าผ่านเครือข่าย GPRS บนโทรศัพท์ เคลื่อนที่มีวัตถุประสงค์หลักคือ จัดทําขึ้นเพื่ออํานวยความสะดวกโดยผนวกกับการใช้เทคโนโลยี ที่มีในปัจจุบัน และนํามาประยุกต์ให้สอดคล้องกับการดําเนินชีวิตของมนุษย์ในยุคที่เทคโนโลยี ขยายตัวอย่างรวดเร็ว ซึ่งจากการทดสอบการใช้งานพบว่าระบบสามารถควบคุมการเปิด-ปิด อุปกรณ์ไฟฟ้าทั้งหมดจํานวน 3 ชิ้น โดยสามารถตรวจสอบสถานะของอุปกรณ์จากหน้าจอ โทรศัพท์เคลื่อนที่และสามารถตรวจสอบได้จากจอคอมพิวเตอร์ซึ่งประกอบไปด้วย 3 ส่วนที่ต้อง ทํางานสัมพันธ์กันได้แก่ WAP โปรแกรมวิชวลเบสิกและชุดควบคุมบอร์ดอินเตอร์เฟส ถ้าขาด ส่วนใดส่วนหนึ่งใน 3 ส่วนนี้ไประบบก็ไม่สามารถทํางานได้โดยสมบูรณ์แบบ การสั่งงานผ่าน โทรศัพท์เคลื่อนที่ก็สามารถทําได้ง่ายโดยพิมพ์ URL htp://devicecontrol.thaiDDNS.com ใน การตั้งค่า GPRS ของ WAP บนตัวเครื่องโทรศัพท์เคลื่อนที่เมื่อทําการตั้ง URL ถูกต้องก็ สามารถสั่งงานผ่านเครือข่าย GPRS ได้ ทําให้เกิดความสะดวกสบาย และไม่ว่าจะอยู่ที่ไหนเราก็ สามารถสั่งเปิดหรือปิดอุปกรณ์ไฟฟ้าได้ ทั้งยังสามารถนําคุณสมบัติต่างๆ ของระบบ GPRS ไป ประยุกต์ใช้ในงานอื่น ๆ อีกมากโดยอาศัยเทคโนโลยีของโทรศัพท์เคลื่อนที่\r\n', 'The On-Off Switch Control System for Electrical Device through GPRS Network on Mobile Phones.', 'The main purpose of this thesis was to facilitate the electrical devices automaticallycontrol through GPRS systems on the cellular phone by combining with the current technology And applied to the order of human living in the technology rapid expanding era. From the workusage examined found that the system able to on and off control of three electrical devices.\r\nAble to examine the device status on the monitor of the cellular phone and from the computer\'s monitor that consisted of 3 parts that related to WAP, visual basic program and Board control interface. If there any short of any three parts. The system was unable to a full work. An order to the cellular phone was easily done by typed URL http://devicecontrol.thaiDDNS.com for the GPRS value set of WAP on the cellular phone. When the URL set was correct, an order through the GPRS network is met. For the convenience, no matter that where we are, we are able to onoff the electrical devices. Also the property of GPRS able to bring for the other works applied by relying on the technology of the cellular phone.\r\n', 'ห้องสืบค้น'),
(0047, '2548', 01, 'เครื่องตรวจสอบเอกลักษณ์บุคคลด้วยลายนิ้วมือ', ' โครงงานเครื่องตรวจสอบเอกลักษณ์บุคคลด้วยลายนิ้วมือ มีวัตถุประสงค์เพื่อใช้ตรวจสอบ เอกลักษณ์บุคคลว่าเป็นบุคคลเดียวกันหรือไม่ โดยได้ศึกษารูปแบบของลายนิ้วมือ การวิเคราะห์ ลายนิ้วมือ การนําทฤษฎีต่างๆ มาใช้ในการวิเคราะห์ลายนิ้วมือเพื่อเพิ่มประสิทธิภาพในการ ตรวจสอบเอกลักษณ์บุคคลให้มากยิ่งขึ้น ซอฟต์แวร์ที่ใช้ในการพัฒนาทางผู้จัดทําได้เลือกใช้ Visual Basic 6.0 ส่วนซอฟต์แวร์ที่ใช้จัดการเกี่ยวกับฐานข้อมูลจะใช้ Microsoft Access จากการทําโครงงาน ทําให้ได้รับความรู้ทางด้านการวิเคราะห์ลายนิ้วมือว่ามีการเปรียบเทียบ ลายนิ้วมืออย่างไร รวมไปถึงลักษณะต่างๆ ของลายนิ้วมือ และยังได้รับความรู้ในเรื่องของการ เขียนโปรแกรมติดต่อกับฮาร์ดแวร์ชนิดต่างๆ การเขียนโปรแกรมติดต่อกับฐานข้อมูล\r\nผลที่ได้จากการทําโครงงาน สามารถช่วยลดระยะเวลาของการวิเคราะห์ลายนิ้วมือให้น้อยลง และช่วยเพิ่มประสิทธิภาพการวิเคราะห์ลายนิ้วมือ อีกทั้งยังสามารถนําโครงงานไปพัฒนาต่อเพื่อ เพิ่มการใช้งานได้อีกด้วย\r\n', 'Verify with Fingerprint', 'The project Verify with fingerprint. The objective for use checks lat person I be a same person, doesn\'t. By fingerprint have studied the analysis fingerprint format. The theory person lead comes to use fingerprint analysis for increase efficiency in the identity check increasingly too much all. The software that use in the way development has chosen to use Visual Basic6.0 and the software part that use manages about the database to use Microsoft Access. From the project doing. How do I do to receive that I of the fingerprint analysis have the fingerprint comparing with and the character of the fingerprint all including. In knowledge writting hardware writting database contact with program kind program still and including all.\r\nThe one gets from the project doing. Would you decrease the ne of time of the fingerprint analysis to give less and increase efficiency Analysis fingerprint help. Both of can still take the project to develop for add the usability as well again.\r\n', 'ห้องสืบค้น'),
(0048, '2548', 01, 'ตู้ควบคุมอุณหภูมิไร้สายด้วยระบบพิซซีลอจิก', 'ในปัจจุบันได้มีผู้ประกอบกิจการหลายด้านไม่ว่าจะเป็นภาคการเกษตร ภาคอุตสาหกรรม ที่ต้องดําเนินการควบคุมอุณหภูมิเพื่อให้สามารถเพิ่มผลผลิตที่ต้องการอุณหภูมิที่เหมาะสม และ เพื่อลดความเสี่ยงในความเสียหายที่จะเกิดขึ้นกับผลผลิตเนื่องจากการเปลี่ยนแปลงของอุณหภูมิ ที่ไม่มีความเหมาะสมต่อผลผลิต และในการควบคุมอุณหภูมิยังต้องใช้คนตรวจสอบควบคุม อุณหภูมิและปรับค่าอุณหภูมิต่าง ๆ ที่ต้องการด้วยมือ ซึ่งทําให้จะเกิดความยุ่งยากและเสียเวลา ในการตั้งค่าอุณหภูมิ\r\nดังนั้น ผู้จัดทําจึงได้มีแนวคิดในการพัฒนาอุปกรณ์ที่ใช้ในการควบคุมอุณหภูมิ แบบ ไร้สายเพื่อเพิ่มความสะดวกในการตั้งค่าอุณหภูมิการควบคุมอุณหภูมิ และลดความเสียหายของ ผลผลิตที่เกิดจากการควบคุมอุณหภูมิที่ผิดพลาด และเพื่อให้สอดคล้องกับยุคปัจจุบันที่ได้นํา คอมพิวเตอร์มาประยุกต์ใช้เพื่อเพิ่มความสะดวกให้กับผู้ประกอบการ\r\n', 'Wireless Control Temperature By Fuzzy Logic System', 'Agricultures and industries, that must be controlled the temperature for able to increasing the products that want the suitable temperature and risk reduction whish is going to occur on the products because changing of the temperature that is not suitable for them. The temperature control must still use human control and setting. That will get the confusion and waste the time to be setting it.\r\nSo the view point of the editor would like to develop the wireless material control the temperature for increase the convenience, control the temperature and reduce the damage of products that from the missing control temperature. It\'s in agreement with the present, the editor have brought process of the applied computer to increase the convenience for the supplier.\r\n', 'ห้องสืบค้น'),
(0049, '2548', 01, 'ระบบควบคุมความชื้น และอุณหภูมิ ในโรงเลี้ยงเห็ด', 'ในปัจจุบันได้มีผู้ประกอบกิจการหลายด้านไม่ว่าจะเป็นภาคการเกษตร ภาคอุตสาหกรรม ที่ต้องดําเนินการควบคุมอุณหภูมิและความชื้นเพื่อให้สามารถเพิ่มผลผลิตที่ต้องการอุณหภูมิ และความชื้นที่เหมาะสม และเพื่อลดความเสี่ยงในความเสียหายที่จะเกิดขึ้นกับผลผลิตเนื่องจาก การเปลี่ยนแปลงของอุณหภูมิและความชื้นที่ไม่มีความเหมาะสมต่อผลผลิต และในการควบคุม อุณหภูมิและความชื้นต้องใช้คนตรวจสอบควบคุมอุณหภูมิและความชื้นเพื่อที่จะปรับค่า อุณหภูมิและความชื้นต่าง ๆ ที่ต้องการด้วยมือ ซึ่งทําให้จะเกิดความยุ่งยากและเสียเวลาในการ ตั้งค่าอุณหภูมิและความชื้น\r\nดังนั้น ผู้จัดทําจึงได้มีแนวคิดในการพัฒนาอุปกรณ์ที่ใช้ในการควบคุมอุณหภูมิและ ความชื้นแบบระยะไกลเพื่อเพิ่มความสะดวกในการตั้งค่าอุณหภูมิและความชื้น การควบคุม อุณหภูมิและความชื้น เพื่อลดความเสียหายของผลผลิตที่เกิดจากการควบคุมอุณหภูมิและ ความชื้นที่ผิดผลาด และเพื่อให้สอดคล้องกับยุคปัจจุบันที่ได้นําคอมพิวเตอร์มาประยุกต์ใช้เพื่อ เพิ่มความสะดวกให้กับผู้ประกอบการ\r\n', 'Humidity And Temperatures Control System in mushroom farms', 'In business of farming, factory: Who want to control temperatures and humidity for the good of products. And want to temperatures and humidity appropriate. Abate fragment to become bad of products to be a result of not appropriate temperature and humidity. In the factory still use person to control and check temperature and humidity, to adjust temperature and humidity so that to complicated. And use more time to adjust it.\r\nSo we have initiative to make tool for far control temperature. It easy for control and adjust for abate fragment to become bad of products. And convenience to control because use computer to control.\r\n', 'ห้องสืบค้น'),
(0051, '2548', 01, 'กล้องวงจรปิดเพื่อความปลอดภัยภายในบ้าน', 'ปริญญานิพนธ์ฉบับนี้จะกล่าวถึงการออกแบบและควบคุมการทํางานของกล้อง\r\nกล้องวงจรปิดเพื่อความปลอดภัยภายในบ้านด้วยคอมพิวเตอร์ โครงงาน -ระยะตัวร้อน ครมาทําหน้าที่เก็บภาพ โปรแกรมทําหน้าที่ดังข้อมูลจากกล้องมาแสดง และ โปรแกรมที่เขียนขึ้นด้วยภาษาวิชวลเบสิก และโปรแกรมสามารถดูแบบ realtime บันทึกและ\r\nการคลาในการบันทึกเป็นภาพนิ่งได้ตามต้องการ โปรแกรมจะทํางานโดยดึงข้อมูลภาพจาก กล้องเว็บแคมขึ้นมาไว้บน Servศ กรณีที่ผู้ใช้อยู่นอกบ้านต้องการดูภาพภายในบ้าน ผู้ใช้ต้อง ทําการล็อคอินเข้าเว็บเพจเพื่อดูภาพจากภายนอกได้ โปรแกรมนี้จัดเป็นระบบรักษาความ ปลอดภัยภายในบ้าน ดังนั้นเพื่อความปลอดภัยระบบจึงให้มีผู้ใช้งานเพียงหนึ่งคน ซึ่งผู้ใช้งาน สามารถเปลี่ยนรหัสผ่านได้\r\n', 'Department of Faculty Project Report Advisor\r\nSecurity Camera \r\n', 'The thesis will referred to the design and control program webcam camera apply to security system using computer. This factor of the structure consist of the webcam camera which works to conserve a pictorial information. After that program perform to attract pictorial information from camera and can to show pictorial information. And using program that create by Visual Basic Language and program be able to view way the real-time which program be able to record and can fix time in doing this record. Program perform to attract pictorial information from webcam camera upward on to the server. In case of user is outside a home which user want to view pictorial information in to a home. User must login the webpage so that view pictorial information from outside a home. This program consider security system then user only which user can renew a password.\r\n', 'ห้องสืบค้น'),
(0052, '2549', 01, 'หุ่นยนต์เตะฟุตบอล', 'จากความก้าวหน้าทางเทคโนโลยีที่สามารถประดิษฐ์หุ่นยนต์เพื่อใช้ในงานต่างๆ และสามารถ ทํางานแทนมนุษย์ รวมไปถึงการให้ความบันเทิง เช่น หุ่นยนต์เตะฟุตบอลที่มีการทําการแข่งขันกัน อย่างแพร่หลายทั่วโลก จนสามารถพัฒนาสักยะภาพให้หุ่นยนต์สามารถทําการแข่งขันกันเหมือน การแข่งขันจริงของมนุษย์ ทางผู้จัดทําจึงได้มีแนวคิดที่จะสร้างต้นแบบของหุ่นยนต์เตะฟุตบอล ไว้สําหรับให้ผู้ที่มีความสนใจหรือกําลังศึกษาเกี่ยวกับโครงสร้างการทํางานของหุ่นยนต์เตะฟุตบอล ในรูปแบบต่างๆ เพื่อเป็นแนวทางในการพัฒนาหุ่นยนต์เตะฟุตบอลต่อไป\r\nผลที่ได้จากการทําโครงงานครั้งนี้ จะได้ต้นแบบของหุ่นยนต์เตะฟุตบอลที่สามารถควบคุม การเคลื่อนที่ด้วยไมโครคอนโทรลเลอร์ (Microcontroller) และสั่งงานควบคุมทั้งหมดด้วยการ ประมวลผลจากภาพ (Image Processing) ซึ่งหุ่นยนต์สามารถเคลื่อนที่หลบหลีกสิ่งกีดขวาง และเคลื่อนที่เข้าไปหาวัตถุเป้าหมายได้\r\n', 'Robot Soccer ', 'Nowadays the novel technology can create robots for using in the multiple tasks which human cannot or difficult to do, including to entertainment such as soccer robots which widespread tournament in the world, until it can improved and developed performance of robots to competition. Providers have innovation prototype of soccer robots for anyone who interesting or study about structure and operating soccer robot in many function. That is alternative to development in the future.\r\nThe result from this project will provide prototype of soccer robot which can control moving direction by microcontroller and image processing so, robots can move and escape obstacle to the target.\r\n', 'ห้องสืบค้น'),
(0053, '2549', 01, 'รถยนต์ไฟฟ้าขนาดเล็ก', 'ปัจจุบันพลังงานประเภทเชื้อเพลิง (น้ํามัน) ซึ่งเป็นพลังงานหลักของรถยนต์ ได้มีราคาที่ เพิ่มขึ้นและยังปริมาณลดน้อยลง จากปัจจัยดังกล่าวจึงได้มีแนวคิดในการจัดทําโครางงาน \"รถยนต์ไฟฟ้าขนาดเล็ก” ที่ใช้พลังงานจากแบตเตอรี่ เพื่อประโยชน์และประหยัดพลังงาน อีกทั้งยังช่วยลดมลพิษทางอากาศและยังรักษาสภาพแวดล้อมอีกทางหนึ่ง โดยในการสร้าง รถยนต์ไฟฟ้าขนาดเล็กใช้พลังงานหลักในการขับเคลื่อนเครื่องยนต์ โดยใช้แบตเตอรี่ขนาด 12 V จํานวน 2 ลูก จากการศึกษาพบว่า ในการชาร์จแบตเตอร์รี่จนเต็ม ทั้ง 2 ลูก สามารถวิ่งได้ ประมาณ 5 กิโลเมตร และ วิ่งได้ความเร็วสูงสุดประมาณ 20 กิโลเมตรต่อชั่วโมง\r\n', 'Electric car ', 'Nowadays the rise price of petrol used in vehicles and the petrol reduction are the main causes of fuel problems. Because of this, the project on \"Mini-electric Car\" operated by batteries was studied in order to save energy and reduce air pollution. The mini-electric car operated by two-12 Volts batteries. The result shows that the car with the full charge of two batteries can run 5 kilometres and the maximum speed is 20 kilometres/hour.\r\n', 'ห้องสืบค้น'),
(0054, '2549', 01, 'ระบบรักษาความปลอดภัยโดยใช้เครื่องสแกนลายนิ้วมือ', 'โครงงานระบบรักษาความปลอดภัยโดยใช้เครื่องสแกนลายนิ้วมือ มีวัตถุประสงค์เพื่อใช้ ตรวจสอบบุคคลที่จะทําการเข้าออกประตูว่าเป็นบุคคลเดียวกันหรือไม่ โดยได้ศึกษารูปแบบของ ลายนิ้วมือ การวิเคราะห์ลายนิ้วมือ การนําทฤษฎีต่างๆ มาใช้ในการวิเคราะห์ลายนิ้วมือเพื่อเพิ่ม ประสิทธิภาพในการตรวจสอบเอกลักษณ์บุคคลให้มากยิ่งขึ้น ซอฟต์แวร์ที่ใช้ในการพัฒนา ทางผู้จัดทําได้เลือกใช้โปรแกรมภาษา Assambly จากการทําโครงงานนี้ทําให้ได้รับความรู้ ทางด้านการวิเคราะห์ลายนิ้วมือว่า มีการเปรียบเทียบลายนิ้วมืออย่างไร รวมไปถึงลักษณะต่างๆ ของลายนิ้วมือ และยังได้รับความรู้ในเรื่องของการเขียนโปรแกรมติดต่อกับฮาร์ดแวร์ชนิดต่างๆ ผ่านทางพอร์ต RS-232 การเขียนโปรแกรมติดต่อกับไมโครคอนโทรลเลอร์ (Microcontroller)\r\nผลที่ได้จากการทําโครงงาน สามารถช่วยลดระยะเวลาของการวิเคราะห์ลายนิ้วมือให้น้อยลง และช่วยเพิ่มประสิทธิภาพการวิเคราะห์ลายนิ้วมือ อีกทั้งยังสามารถนําโครงงานไปพัฒนาต่อเพื่อ เพิ่มการใช้งานได้อีกด้วย\r\n', 'Verify With Fingerprint Module for Security System', 'The project Verify With Fingerprint Module for Security System. The objective for use checks that person I be a same person, doesn\'t. By fingerprint module have studied the analysis fingerprint format. The theory person lead comes to use in the fingerprint analysis for increase efficiency in the identity check increasingly too much all. The software that use in the way development has chosen to use Assembly language. From the project doing. How do I do to receive that I of the fingerprint analysis have the fingerprint comparing with and the character of the fingerprint all including. In knowledge writing hardware writing database contact with program kind program still and including all.\r\nThe one gets from the project doing. Would you decrease the period of time of the fingerprint analysis to give less and increase efficiency Analysis fingerprint help. Both of can still take the project to develop for add the usability as well again.\r\n', 'ห้องสืบค้น'),
(0055, '2550', 01, 'ระบบวัดอุณหภูมิเอนกประสงค์ผ่านเครือข่าย เhernet ', 'โครงงานนี้เป็นการควบคุมอุณหภูมิในจุดต่างๆ ที่ต้องการวัด หรือ ควบคุมอุณหภูมิ เพื่อให้ อุณหภูมิคงที่ตลอดเวลา ซึ่งจะใช้ในงานที่หลากหลาย เช่น ในตู้ฟักไข่ไก่ ที่ต้องการอุณหภูมิที่ร้อน เพื่อให้ไข่ฟักออกมาเป็นตัว หากอุณหภูมิที่ร้อนมากเกินไป ก็อาจทําให้ไข่เสียหมด หรืออุณหภูมิที่ ร้อนน้อย ก็อาจทําให้ไข่ที่ฝึกออกมาจะไม่แข็งแรง จึงต้องควบคุมอุณหภูมิที่เหมาะสมในการฝึกไข่ หรือแม้กระทั้งห้องทดลองต่างๆ ล้วนต้องมีอุณหภูมิ ที่คงที่ตลอดเวลา เพื่อให้การทดลองนั้นมี มาตรฐานในเรื่องอุณหภูมิเหมือนกับการทดลองอื่นๆ\r\nดังนั้นระบบวัดอุณหภูมิเอนกประสงค์ผ่านเครือข่าย Ethernet นี้ จึงสามารถประยุกต์ใช้ งานในด้านอุณหภูมิ ซึ่งสามารถกําหนดค่าและแสดงผลอุณหภูมิได้ผ่านเครือข่าย Ethernet\r\n', ' Temperature Measurement System for Multi-purpose use\r\npassing Ethernet\r\n', 'This project has the aim for control temperature in any location that we want to measure or control the temperature for make it stable in specific time. Our project can use in several task such as in the chicken egg hatching box which need warm temperature for incubation. If the temperature is high, all of eggs might be defect or sometime if the temperature is low, the eggs can defect too. Then we need to control the appropriate temperature in the incubation process. Moreover any laboratory needs the stable temperature to make standard of experimentation like the other existing experiment.\r\nSo the Temperature Measurement System for Multi-purpose use passing Ethernet can apply to use in the temperature measurement operation which can specific data value and display temperature on the Ethernet\r\n', 'ห้องสืบค้น'),
(0056, '2550', 01, 'ไฟถนนอัจฉริยะ', 'โครงงานนี้เป็นการศึกษา การนําพลังงานจากแสงอาทิตย์ มาใช้ทดแทนพลังงานไฟฟ้า เพื่อใช้เป็นต้นแบบไฟส่องถนน โดยการใช้แผงโซล่าเซลล์ในการรับพลังงานจากแสงอาทิตย์ และนําพลังงานไฟฟ้าที่ได้ไปเก็บไว้ที่แบตเตอรี่ ส่วนการกําเนิดแสงสว่างจะใช้หลอด LED แบบ Super Bright แทนหลอดไฟฟ้าทั่วไป ซึ่งหลอด LED จะสามารถประหยัดไฟและมีอายุ การใช้งานยาวนานกว่าหลอดไฟฟ้าที่ใช้อยู่ทั่วไป การทํางานควบคุมโดยใช้ไมโครคอนโทรลเลอร์ มีการควบคุมความสว่างด้วยวิธีการ PWM (Pulse Width Modulation) สามารถปรับระดับของ แสงสว่างได้ ตามสภาพแวดล้อมโดยอัตโนมัติ สามารถนําไปประยุกต์ใช้ในถนนภายใน ศูนย์กลางมหาวิทยาลัยเทคโนโลยีราชมงคลอีสาน นครราชสีมา และสามารถนําเอาไปใช้ในท้องถิ่น ที่ไม่มีไฟฟ้าได้\r\n', 'Intelligent LED Street Light', 'The objective of this project is study to get the energy from sunlight to substitution with the electrical energy for use in the model of street light. In this project we use solar cell to obtain the energy from sunlight and get the electrical energy that derived to keep in battery. In the part of light source we use the LED tube type Super Bright substitute the general light bulb. LED tube can save the energy and have the long life time more than the general light bulb. The operation is control by using microcontroller and we control the brightness by PWM (Pulse Width Modulation). In the project we can adjust the brightness level follow by the environment using automatic control. Moreover this project can apply by use in street of Rajamangala University of Technology Isan Nakhonratchasima and can use in the locality area witch haven\'t the electrical.\r\n', 'ห้องสืบค้น'),
(0057, '2550', 01, 'ระบบควบคุมอุปกรณ์ไฟฟ้าผ่านเอชไลน์', 'โครงงานนี้ได้นําเสนอ การออกแบบ ระบบควบคุมอุปกรณ์ไฟฟ้าผ่านเอซีไลน์ โดยการ นําหลักการ ของโปรโตคอล X-10 มาออกแบบคําสั่ง เพื่อ ควบคุมอุปกรณ์ไฟฟ้าผ่านทาง เครื่องคอมพิวเตอร์ ระบบควบคุมอุปกรณ์ไฟฟ้าผ่านเอซีไลน์ มีข้อดีกว่าระบบควบคุมอุปกรณ์ไฟฟ้า แบบทั่วไป คือ ไม่ต้องเดินสายสัญญาณเพิ่มเติมในระบบ ใช้อุปกรณ์ในการติดตั้ง น้อย ทําให้ ลดค่าใช้จ่าย และมีความสะดวกในการติดตั้ง\r\nจากการทดลอง สามารถควบคุม การ ปิด-เปิด อุปกรณ์ไฟฟ้า ผ่านเอซีไลน์ และ โต้ตอบ ระหว่าง แม่ข่าย และลูกข่ายได้ โดย ความยาวของสายที่เหมาะสมไม่เกิน 60 เมตร ส่วนการสื่อสาร แบบทิศทางเดียว สําหรับการใช้งานสองเครื่องนั้น สามารถทําได้ในระยะทางมากกว่า 100 เมตร เปอร์เซ็นต์ความผิดพลาดของข้อมูลโดยเฉลี่ย 16.3 เปอร์เซ็นต์\r\n', 'AC Line Transmission Control Electrical System ', 'This project purposes to study and design an electrical device control system through AC line. The command codes are designed and written following the X-10 protocol techniques and process to control electrical devices through a computer. To compare with general control systems, the electrical device control system through AC line does not need extra cables for the control system and use less equipment for setting up. Therefore, it makes a more comfortable setting up and also reduces the set up cost as well.\r\nResults from the experiment show that the system can control the power onoff system of general electrical devices through the AC line. The appropriate distance for two ways interaction between the master and slaves is 60 meters.For one way interactions, the appropriate distance is more than 100 meters. The average error of the data is 16.3%\r\n', 'ห้องสืบค้น'),
(0076, '2554', 01, 'หุ่นยนต์จับวัตถุ', 'เนื่องจากปัจจุบันการจับวัตถุด้วยหุ่นยนต์ ยังเป็นแบบกําหนดไว้ตายตัว ไม่ยืดหยุ่น ทําให้ ใช้งานได้ไม่หลากหลาย ซึ่งปัญหานี้หุ่นยนต์จับวัตถุด้วยการประมวลผลภาพ สามารถแก้ปัญหาได้\r\nปริญญานิพนธ์นี้ มีวัตถุประสงค์เพื่อออกแบบ และสร้างหุ่นยนต์จับวัตถุ ให้สามารถจับวัตถุ ตามภาพที่กําหนด โดยการประยุกต์ใช้โปรแกรมคอมพิวเตอร์ ร่วมกับดีซีมอเตอร์ และทฤษฎี การประมวลผลภาพ ประกอบด้วย ส่วนควบคุมออกแบบโดยใช้การเขียนโปรแกรมภาษา C ส่วน ประมวลภาพพัฒนาโดยใช้ไลบรารี OpenCVร่วมกับ Visual Studio 2008 โดยใช้ภาษา C+ เพื่อ ประมวลผล และควบคุมการทํางานผ่านพอร์ตอนุกรมไปยังส่วนของหุ่นยนต์จับวัตถุ ที่ออกแบบ โดยใช้ดีซีมอเตอร์ซึ่งจะทํางานเมื่อเลือกวัตถุที่ต้องการจับ จากนั้นกล้อง CCD จะหาวัตถุตามที่เลือก ในสนาม แล้วสั่งให้หุ่นยนต์จับวัตถุจับชิ้นงานแล้วนําไปวางยังตําแหน่งที่กําหนดไว้\r\nหุ่นยนต์จับวัตถุมีความแม่นยําในการจับวงกลมร้อยละ 79 มีความแม่นยําในการจับสามเหลี่ยม ร้อยละ 84 และมีความแม่นยําในการจับสี่เหลี่ยมร้อยละ 81\r\n', 'Robot Keeping', 'Since the present holding an object with a robot it is the stereotype inelastic to use not many. Which the problem Robot Keeping with image processing solve the problem.\r\nThis dissertation is intended to design and constructed Robot Keeping. To capture the object according to the picture by the applied software with DC Motors and image processing. Composite control part designed using the C programming language. The image processing library OpenCV developed using Visual Studio 2008 in conjunction with using the language C++, and controlled through a serial port to the section of the arm of the Robot Keeping which\r\nwill work on CCD camera get the picture. Then instruct the robot to grasp an object go to the\r\nlocation specified.\r\nRobot Keeping accuracy to keep circle 79 percent accuracy to keep triangle 84 percent and accuracy to keep square 81 percent.\r\n', 'ห้องสืบค้น'),
(0077, '2554', 01, 'ตู้อบแห้งพลังงานแสงอาทิตย์ (ชนิดเลนส์รวมแสง) ควบคุมอุณหภูมิด้วยไมโครคอนโทรลเลอร์ ', 'การอบแห้งเป็นวิธีหนึ่งของการถนอมอาหาร เพื่อรักษาอาหารให้อยู่ได้นานขึ้น การอบแห้ง ในปัจจุบันยังต้องใช้พลังงานไฟฟ้า ซึ่งจําเป็นต้องใช้พลังงานไฟฟ้าค่อนข้างสูง หรือการตากแดด โดยตรง อาจทําให้มีมลพิษ ทั้งแมลง ฝุ่นละอองและแบคทีเรียปนเปื้อนในอาหารที่นําไปตาก\r\nการคิดค้นและพัฒนา “ตู้อบแห้งพลังงานแสงอาทิตย์ (ชนิดเลนส์รวมแสง) ควบคุมอุณหภูมิ ด้วยไมโครคอนโทรลเลอร์” นี้ เพื่อเป็นการนําพลังงานความร้อนจากธรรมชาติมาใช้ประโยชน์ และสร้างตู้อบที่สามารถกันมลพิษทางอากาศ เพื่อความสะอาดของอาหารได้\r\nปริญญานิพนธ์ฉบับนี้ได้ออกแบบ และสร้างตู้อบแห้งพลังงานแสงอาทิตย์ โดยในส่วนของ ฮาร์ดแวร์นั้นจะประกอบด้วย ไมโครคอนโทรลเลอร์ PIC เบอร์ 16F887 วงจรควบคุมมอเตอร์ วงจร แสดงผลแอลซีดี วงจรรับข้อมูล วงจรอ่านค่าอุณหภูมิ วงจรควบคุมพัดลม วงจรอ่านค่าแสงด้วย แอลดีอาร์ วงจรนาฬิกาฐานเวลา ส่วนทางด้านซอฟต์แวร์ จะใช้โปรแกรมภาษาซี มาใช้ในการเขียน คําสั่งควบคุม อุณหภูมิเฉลี่ยในแต่ละวันของตู้อบแห้งอยู่ที่ 41 องศาเซลเซียส อุณหภูมิเฉลี่ยเมื่อเปิด ระบบติดตามดวงอาทิตย์อยู่ที่ 41.5 องศาเซลเซียส อุณหภูมิเฉลี่ยเมื่อปิดระบบติดตามดวงอาทิตย์อยู่ ที่ 39.6 องศาเซลเซียส ระบบการติดตามดวงอาทิตย์สามารถทํางานได้ในระดับดี แต่ต้องใช้การหมุน ด้วยมือช่วย เนื่องจากใช้การหมุนแบบแกนเดียว การอบด้วยตู้อบแห้งพลังงานแสงอาทิตย์ใช้เวลาใน การอบ 7 ชั่วโมง สามารถลดน้ําหนักของอาหารลงได้ร้อยละ 20 ของน้ําหนักก่อนอบ เทียบกับการ ตากแดด ที่สามารถลดน้ําหนักได้เพียงร้อยละ 18\r\n', 'Solar Dryer Oven (with Lens and Light) Controllable Employing Microcontrolle', 'Drying as a method of food preservation. To preserve them for a long time. Today drying also want power. Which require high power. Or exposed to direct sunlight. Cause pollution and\r\ndust, insects and bacterial contamination in the dry food.\r\nResearch and development “Solar Dryer Oven (with Lens and Light) Controllable\r\nEmploying Microcontroller” The thermal energy from the natural advantage and oven\r\nconstruction that can get air pollution.\r\nThis thesis has designed and construction an Solar drying oven By the hardware section is included microcontroller PIC16F887, Motor control circuits, LCD display circuit, Input circuit,\r\nTemperature Monitor Circuit, Fan control circuit, LDR Light Detector Circuit, RTC Real time\r\nclock circuit, The software uses C programming language used to control. The average daily\r\ntemperature of the solar dryer oven at 41 °C. The average temperature on is working the system\r\ntracking sun is at 41.5°C. When off is working the system tracking sun is at 39.6 °C. The system\r\ntracking sun work to a great extent. However, the rotation with a helping hand. Due to the single\r\naxis of rotation. Drying by \"Solar Drying Oven” take the time to drying 7 hour. Reduce the\r\nweight of the food 20% of the weight before drying. Compared to drying by the sun directly.\r\nReduce the weight of the food 18%.\r\n', 'ห้องสืบค้น'),
(0079, '2554', 01, 'เครื่องควบคุมแรงดันและกระแสด้วยไมโครคอนโทรลเลอร์เบอร์ 18458', 'เครื่องควบคุมแรงดันและกระแสไฟฟ้า โดยส่วนใหญ่มักเป็นแบบอนาล็อก ทําให้เกิดความ ล่าช้าในการปรับแต่งค่าแรงดัน และพบว่าบางรุ่นไม่มีส่วนแสดงผลการวัด ทําให้เกิดความไม่สะดวก ในการจัดเตรียมเครื่องมือหรือมีความล่าช้าในการปฏิบัติงาน ดังนั้นจึงได้เกิดแนวความคิดพัฒนา เป็นเครื่องควบคุมแรงดันและกระแสไฟฟ้าด้วยไมโครคอนโทรลเลอร์เบอร์ 18F458 ที่สามารถ กําหนดเลือกค่าแรงดันได้ตั้งแต่ 0-25V และมีพิกัดสูงสุดของค่ากระแสไฟฟ้าไม่เกิน 1A โดยแสดง สถานะของค่าแรงดันและค่ากระแสขณะทํางานด้วยจอแสดงผลแบบ LCD พร้อมด้วยวงจรป้องกัน กระแสไฟฟ้าเกินพิกัดหรือลัดวงจร เพื่อป้องกันความเสียหาย โดยในสภาวะไม่มีตัวภาระ (No Load) และมีตัวภาระเต็มพิกัด (Full Load) มีค่า Load Regulation ต่ํากว่า 5% ซึ่งเพียงพอกับการ ทดลองกับวงจรอิเล็กทรอนิกส์ในห้องปฏิบัติการ ทําให้เกิดความสะดวกในการใช้งานยิ่งขึ้น\r\n', 'Power supply For Control Electric Voltage And Current Using Microcontroller 18F458 ', 'Power Supply For Control Electric Voltage And Current Using Microcontroller 18F458. This can to adjust the voltage 0-25V Electric 1A. Work and Status Voltage. And Current in LCD. And prevent electrical Overload and Using Load Regulation in the condition No Load and Full Load. This is absdutely essential. In particular they must engage. And test electronic circuits. In the Laboratory.Adjustable Output Voltage And ease of implementation.\r\n', 'ห้องสืบค้น'),
(0080, '2554', 01, 'เครื่องให้อาหารสุนัขอัตโนมัติ', 'เนื่องจากปัจจุบันคนส่วนใหญ่ต้องออกไปทํางานนอกบ้าน และในขณะที่เราไม่อยู่บ้าน อาจมีพวกมิจฉาชีพมาโจรกรรมทรัพย์สินได้ การแก้ไขอย่างหนึ่งคือการหาสุนัขมาเฝ้าบ้าน แต่ ปัญหาที่ตามมาคือ การดูแลเรื่องการให้อาหารสุนัข เพราะฉะนั้น “เครื่องให้อาหารสุนัขอัตโนมัติ สามารถแก้ไขปัญหาเรื่องการให้อาหารสุนัขได้\r\nปริญญานิพนธ์ฉบับนี้ได้ออกแบบและสร้างเครื่องให้อาหารสุนัขอัตโนมัติ โดยในส่วนของ ฮาร์ดแวร์ นั้นจะประกอบด้วย ไมโครคอนโทรลเลอร์ PICE18F452 วงจรแสดงผลแอลซีดี วงจร สร้างฐานเวลาจริงวงจรควบคุมมอเตอร์ และในส่วนของซอฟต์แวร์จะใช้โปรแกรมภาษา C มาใช้ ในการควบคุม โครงงานนี้สามารถนําไปใช้ในการให้อาหารแก่สุนัขได้จริง สามารถให้อาหารได้ทั้ง เม็ดเล็ก เม็ดใหญ่ และช่วยอํานวยความสะดวกต่อชีวิตประจําวันได้\r\nการให้อาหารที่มีประสิทธิภาพ โดยสามารถให้ปริมาณอาหารเม็ดเล็กให้กับสุนัขขนาดเล็ก มีความแม่นยําเฉลี่ย 99.59% ปริมาณอาหารที่ให้สุนัขขนาดกลางมีความแม่นยําเฉลี่ย 99.5% และ ปริมาณอาหารที่ให้สุนัขขนาดใหญ่มีความแม่นยําเฉลี่ย 99.3% ตามลําดับ และสามารถให้ปริมาณ อาหารเม็ดใหญ่ให้สุนัขขนาดเล็กมีความแม่นยําเฉลี่ย 99.5% ปริมาณอาหารที่ให้สุนัขขนาดกลางมี ความแม่นยําเฉลี่ย 98.99% และปริมาณอาหารที่ให้สุนัขขนาดใหญ่มีความแม่นยําเฉลี่ย 99.14% ตามลําดับ\r\n', 'Automatic dog feeder', 'Presently most of the people have to go out to work and whilst we are not home,\r\nmay break in and steal the properties. One of the adjusting was to find a watch dog out\r\nconsequence was dog fed care. Therefore, \"an automatic dog feeder\" able to solve the problem.\r\nThis thesis was designed and built an automatic dog feeder in part of the hardware which\r\nconsisted of Microcontroller PIC#18F452, LCD display circuit, real time circuit, motor control\r\ncircuit. In part of the software would be C language for control. This project able led to the actual\r\ndog feed both of small and large seeded as well as facilitate the daily life.\r\nThe efficient feeding by able to feed the quantity a small seeded to a small dog size with\r\nthe accuracy accounted 99.59%. a quantity to a medium dog size with the accuracy accounted\r\n99,5% and a quantity to a big dog size with the accuracy accounted 99.3% respectively. Also a\r\nbigger seeded to a small dog with the accuracy accounted 99.5%, a quantity to a medium dog size\r\nwith the accuracy accounted 98.99% and a quantity to a big dog size with the accuracy accounted\r\n99.14% respectively.\r\n', 'ห้องสืบค้น'),
(0081, '2554', 02, 'โปรแกรมจำลองการควบคุมสัญญาณไฟจราจรอัตโนมัติด้วยภาพ', 'ปริญญานิพนธ์ฉบับนี้เป็นการศึกษาและพัฒนาโปรแกรมจําลองการควบคุมสัญญาณไฟ จราจรอัตโนมัติด้วยเทคนิควิธี การประมวลผลภาพดิจิตอล เพื่อวิเคราะห์หาความหนาแน่นของรถที่ รอเข้ามหาวิทยาลัยเทคโนโลยีราชมงคลอีสาน โปรแกรมจําลองการควบคุมสัญญาณไฟจราจร อัตโนมัติ จะทําการส่งสัญญาณไฟเขียวปล่อยรถเข้าสู่มหาวิทยาลัย เมื่อประมวลผลว่ามีปริมาณรถ หนาแน่นถึงเกณฑ์ ในการทดลองใช้การบันทึกภาพจากสถานที่จริงหน้ามหาวิทยาลัยเทคโนโลยี ราชมงคลอีสาน เพื่อใช้ในการประมวลผลสั่งควบคุมสัญญาณไฟจราจร\r\nผลการทดลองจํานวน 80 ครั้ง แบ่งเป็น 4 ช่วงเวลาได้แก่ ช่วงเช้า เวลา 07.30 - 8.30 น.ได้ค่า ความถูกต้องร้อยละ 95 ช่วงกลางวัน เวลา 12.00 - 13.00 น. ได้ค่าความถูกต้องร้อยละ 80 ช่วงเย็น เวลา 16.00 - 17.00 น. ได้ค่าความถูกต้องร้อยละ 60 ช่วงกลางคืน เวลา 18.00 - 19.00 น.ได้ค่าความ กกต้องร้อยละ 4 ผลการทดลองโดยเฉลี่ยมีความถูกต้องร้อยละ 60\r\n', 'Model Automatic traffic light using Image Processing', 'This thesis developed a simulation program to study and control Traffic lights to automatically using Image Processing for analysis density of cars waiting to enter the University of Technology Isan. Simulator and automatic traffic light. Will signal the green light onto the campus. when process the density of the traffic quantity. In experiments we using the actual video recording University of Technology Isan. In order to process and control the traffic light.\r\nExperiments for 80 times. It was divided into four periods, including the morning at 7.30\r\nto 8.30 pm. The accuracy is 95 percent during the day at 12.00 to 13.00 with 80 percent accuracy\r\nin the evening at 16.00 and 17.00 accuracy of 60 percent and during the night from 18.00 to\r\n19.00 The accuracy of 5 percent. average accuracy is 60 percent.\r\n', 'ห้องสืบค้น'),
(0082, '2554', 01, 'ชุดมอเตอร์ขับเคลื่อนรถเข็นคนพิการควบคุมด้วยจอยสติก', 'ปริญญานิพนธ์นี้เป็นการศึกษาการสร้างชุดมอเตอร์ขับเคลื่อนรถเข็นคนพิการควบคุมด้วย จอยสติก เพื่อติดตั้งเข้ากับรถเข็นคนพิการและมีการสั่งงานผ่านจอยสติก ควบคุมบังคับทิศทาง การเคลื่อนที่ของรถเข็น ซึ่งใช้ไมโครคอนโทรลเลอร์เบอร์ PIC 18F452 เป็นตัวควบคุมการทํางาน ของรถจากจอยสติก ด้วยหลักการของ PWM (Pulse Width Modulation) ซึ่งสามารถควบคุม รถเข็นคนพิการให้เคลื่อนที่ไปข้างหน้า ถอยหลัง เลี้ยวซ้าย และเลี้ยวขวาได้ โดยสะดวก\r\n', 'Motor Drive for Wheelchair Controlled', 'This study proposes a controlling technique of motor drive for wheelchair with joystick.\r\nThis technique can operate with microcontroller No. 18F452. the proposed method was studied,\r\ndesigned and experimented with PWM (Pulse Width Modulator). The controller joystick control\r\nthe direction of wheelchair for comfortable.\r\n', 'ห้องสืบค้น'),
(0091, '2555', 01, 'ระบบรักษาความปลอดภัยภายในบ้าน', 'ระบบรักษาความปลอดภัยภายในบ้าน ได้นําความรู้ทางด้านการประมวลผลภาพโดยใช้ ไลบรารี่ AForge.NET มาประยุกต์ใช้กับภาพวิดีโอที่ได้จากกล้องเว็ปแคม นํามาใช้ตรวจจับการ เคลื่อนไหว บันทึกลงฐานข้อมูล แจ้งเตือนว่ามีผู้บุกรุกผ่านทางโทรศัพท์มือถือหรืออีเมล์ ตั้งเวลาการ ตรวจจับการเคลื่อนไหวแบบอัตโนมัติ และการเรียกดูข้อมูลภาพย้อนหลังโดยระบุวันที่ เวลา การ สั่งงานเปิด-ปิดกลอนไฟฟ้า อุปกรณ์ไฟฟ้าผ่านทางโทรศัพท์มือถือ จากการทดสอบจํานวน 100 ครั้ง แบ่งออกเป็น 5 การทดสอบ และนํามาสรุปผลการทํางานของระบบมีความแม่นยําเฉลี่ย 94.8%\r\nคน\r\n', 'Home Security System', 'Security system at home. The knowledge of the image processing library using AForge.NET. Applied to the camera video Webcam. Used to detect motion. Record to the database. That an intruder alert mobile phones or email. Timer automatically motion detection.\r\nAnd browse for playback image the dates and times. Experiment 100 times. Be divided into 5 tests. And result the performance average accuracy of 94.8%.\r\n', 'ห้องสืบค้น'),
(0092, '2555', 01, 'เครื่องบันทึกและแสดงผลกราฟคลื่นไฟฟ้าหัวใจ', 'ปริญญานิพนธ์ฉบับนี้ ได้สร้างเครื่องบันทึก และแสดงผลกราฟคลื่นไฟฟ้าหัวใจ ประกอบด้วย วงจรขยายสัญญาณ วงจรแปลงสัญญาณ ทํางานร่วมกับไมโครคอนโทรลเลอร์ ประมวลผลสัญญาณ และส่งผลให้กับเครื่องคอมพิวเตอร์เพื่อรวบรวมข้อมูลจัดเก็บ และแสดงผล ผ่านทาง RS-232 ที่มีคุณลักษณะ คือใช้ไมโครคอนโทรลเลอร์เป็นสื่อกลางในการติดต่อสื่อสารกับ คอมพิวเตอร์ สามารถแสดงผลการเต้นของหัวใจที่จอคอมพิวเตอร์ พร้อมทั้งบันทึกข้อมูล เป็น รูปภาพ และอัตราการเต้นของหัวใจ ในรูปแบบฐานข้อมูล ทําให้ง่ายต่อการดูข้อมูลของผู้ป่วย ย้อนหลังได้ ตัวเครื่องมีขนาดเล็กสามารถพกพาได้ ใช้งานได้สะดวก และมีราคาประหยัด\r\nคําสําคัญ: คลื่นไฟฟ้าหัวใจ วงจรขยายสัญญาณ ไมโครคอนโทรลเลอร์\r\n', 'Electrocardiogram', 'This thesis is build Electrocardiogram Its consist of amplifier and signal converter circuit works together with microcontroller for signal processed and send result to computer for save and display data with RS-232 port. The features are that: microcontroller is the central media communication with computer, it can displays heartbeat and heart rate in the monitor, save as the picture and the heart rates in the database, is simply to used and see the patient\'s history, design for portable and economical.\r\nKeywords: Electrocardiogram, amplifier, microcontroller\r\n', 'ห้องสืบค้น'),
(0093, '2555', 01, 'เครื่องชั่งน้ําหนักเพื่อสุขภาพ', 'ในปัจจุบันผู้คนทั่วไปให้ความสําคัญกับการดูแลสุขภาพกันมากขึ้น การตรวจเช็คสุขภาพ สามารถทําได้ง่าย ๆ โดยการชั่งน้ําหนัก และวัดส่วนสูง เพื่อดูความสมส่วนของร่างกาย\r\nปริญญานิพนธ์ฉบับนี้ได้ออกแบบและสร้างเครื่องชั่งน้ําหนักเพื่อสุขภาพ โดยในส่วนของ ฮาร์ดแวร์นั้นจะประกอบด้วย ไมโครคอนโทรลเลอร์ ARM Cortex-M3 STM32F103RBT6 จอแสดงผลแบบแอลซีดี โหลดเซลล์แบบสเตรนเกจ ระบบอุลตร้าโซนิค และ เทอร์มิสเตอร์ใน ส่วนของซอฟต์แวร์ใช้โปรแกรม Keil u Vision 4ซึ่งเป็นโปรแกรมภาษา Cสําหรับใช้ควบคุมการ ทํางานของไมโครคอนโทรลเลอร์เบอร์ STM32F103RBT6 เครื่องชั่งน้ําหนักเพื่อสุขภาพนี้ สามารถนําไปใช้ในการชั่งน้ําหนัก วัดส่วนสูง และวัดอุณหภูมิได้จริง นอกจากนี้ยังสามารถ คํานวณค่าดัชนีมวลกาย และช่วยอํานวยความสะดวกต่อการใช้งานในชีวิตประจําวันได้\r\nเครื่องชั่งน้ําหนักเพื่อสุขภาพมีค่าความแม่นยําของการชั่งน้ําหนัก คิดเป็นร้อยละ 99.82 มีค่า ความแม่นยําของการวัดส่วนสูง คิดเป็นร้อยละ 99.92 และมีค่าความแม่นยําของการวัดอุณหภูมิ คิดเป็นร้อยละ 99.47\r\n', 'Health Weight Scale', 'Nowadays, more and more people wish to have a wonderful health. Health check up\r\ncan conduct easily by means of weight and height measuring in order to check body proportion.\r\nThis thesis is designed to invent a Health Weight Scale. The hardware consists of\r\nMicrocontroller ARM Cortex-M3 STM32F103RBT6, LCD screen, Strain Gauge Load Cell, Ultrasonic System and Thermistors. The software be used program Keilu Vision 4 program\r\nwhich is a C language program to control the operation of the microcontroller number\r\nSTM32F103RBT6. This health weight scale can utilize for weight, height and temperature in\r\npractical way. Moreover, this scale can calculate BMI and also use for daily life.\r\nThe highest accuracy of weight measuring is 99.82 percent, the highest accuracy of height\r\nmeasuring is 99.92 percent and the highest accuracy of temperature measuring is 99.47 percent.\r\n', 'ห้องสืบค้น'),
(0094, '2555', 01, 'หุ่นยนต์สํารวจควบคุมไร้สาย', 'ปริญญานิพนธ์นี้มีจุดมุ่งหมายที่จะสร้างหุ่นยนต์สํารวจควบคุมไร้สาย เพื่อช่วยในการ สํารวจพื้นที่ หุ่นยนต์จะมีขนาดความสูง 60 เซนติเมตร กว้าง 50 เซนติเมตร และยาว 60 เซนติเมตร โดยหุ่นยนต์จะมีล้อตีนตะขาบสองข้างสําหรับการเคลื่อนที่ และข้ามผ่านสิ่งกีดขวางที่มีความสูงไม่ เกิน 20 เซนติเมตร การเคลื่อนที่สามารถเคลื่อนที่บนพื้นขรุขระ พื้นคอนกรีต พื้นสนามหญ้า ทั้งทาง เรียบ และทางลาดเอียงไม่เกิน 45 องศา การควบคุมจะทํางานโดยใช้เมาส์หรือคีย์บอร์ดในระยะทาง ไม่เกิน 80 เมตร หุ่นยนต์มีโปรแกรมสําหรับการจดจําเส้นทาง สามารถเคลื่อนที่ไปหรือกลับตาม เส้นทางที่ถูกจําเอาไว้ หุ่นยนต์จะมีเซนเซอร์พร้อมสัญญาณแจ้งเตือน เมื่อมีวัตถุใดๆ เข้าใกล้ทาง ด้านหน้าของหุ่นยนต์ในระยะ 8 เซนติเมตร และมีกล้องไอพีสําหรับบันทึกวีดีโอระหว่างการ เคลื่อนที่\r\nผลจากการทดลองพบว่าภายใต้การควบคุมหุ่นยนต์สามารถผ่านพื้นที่ทุกประเภทได้อย่าง แม่นยํา มีประสิทธิภาพในการเคลื่อนที่ข้ามสิ่งกีดขวางที่มีความสูงไม่เกิน 20 เซนติเมตร ได้ร้อยละ 86.66 มีประสิทธิภาพในการเคลื่อนที่ผ่านพื้นที่ราบ และพื้นที่ลาดเอียงไม่เกิน 45 องศา ได้ร้อยละ 96 และ 88 ตามลําดับ สําหรับฟังก์ชันของโปรแกรมด้านการจําเส้นทาง หุ่นยนต์มีประสิทธิภาพใน การเคลื่อนที่ไปตามเส้นทางที่จดจําได้ร้อยละ 72 มีประสิทธิภาพในการเคลื่อนที่กลับมายังจุดเริ่มต้น ได้ร้อยละ 68 และเซนเซอร์แจ้งเตือนมีความคลาดเคลื่อนประมาณ 1.7 เซนติเมตร\r\n', 'Wireless Controller Survey Robot ', 'This project aimed to develop a wireless controller survey robot to support the landscape surveying. The size is 60 centimeters high, 50 centimeters wide and 60 centimeters long with caterpillar wheels on both sides. The robot can move and cross barriers which are not more than 20 centimeters high. The moving can be made on rough, concrete grounds or grass fields, both flat and ramp floor. The expected ramp floor is 45 degree slope. The controls are done by using a mouse or keyboard in the distance which is not more than 80 meters. The robot has been programmed for memorizing directions, moving forward or backward following the memorized directions. There is a sensor that will raise an alarm when any object moves in front of the robot in the distance of 8 centimeters. There is also an IP camera for recording videos while the robot is moving.\r\nResults from the experiment have been shown that, under the control, the robot can move through every types of ground precisely. The capability of crossing the barrier with the expected height is 86.66%. The moving on flat and ramp floor capabilities are 96 and 88 respectively. For the program of direction memorizing, the capabilities of memorizing directions moving back to the starting point are 72% and 68 % respectively. The sensor with caution alarm had errors of around 1.7 centimeters.\r\n', 'ห้องสืบค้น'),
(0095, '2555', 01, 'เครื่องแลกเหรียญอัตโนมัติ', 'ปริญญานิพนธ์ฉบับนี้ได้ออกแบบและสร้างเครื่องแลกเหรียญอัตโนมัติ เพื่ออํานวยความ สะดวกในการใช้งาน โดยใช้ไมโครคอนโทรลเลอร์ MCS-51 #AT89C51 และโปรแกรมภาษาซี ควบคุมการทํางานของระบบ นอกจากนี้เครื่องที่ออกแบบยังมีระบบตรวจสอบธนบัตรปลอม สามารถตรวจสอบธนบัตรฉบับละ 20 บาท 50 บาท และ 100 บาท สามารถแลกเหรียญ 5 บาท และ 10 บาท ซึ่งมีความแม่นยําในการแลกเหรียญ คิดเป็นร้อยละ 100 โครงงานนี้สามารถนําไปใช้ ในการแลกเหรียญได้จริง และช่วยอํานวยความสะดวกต่อชีวิตประจําวันได้\r\n', 'Automatic Coin - Exchange', 'The main purpose of this thesis is to design and built an automatic coin - exchange in order to facilitate to operate microcontroller MCS-51 # AT89C51 and C programming language. are used of control the operation system. In addition, this automatic coin - exchange consists of the detection system for counterfeit notes. It could detect 20, 50 and 100 baht notes and exchange 5 and 10 baht coins from the thesis of this automatic coin - exchange, the exactitude to exchange is percent for 100 %. This thesis can use to real and comfortably for everyday life.\r\n', 'ห้องสืบค้น'),
(0096, '2556', 01, 'ระบบตรวจสอบช่องทางเดินรถเพื่อแจ้งเตือน ', 'ปริญญานิพนธ์นี้นําเสนอวิธีการตรวจจับช่องทางเดินรถ โดยใช้แบบจําลองการเทียบเคียงรูป แบบถนนในลักษณะสามเหลี่ยม ซึ่งระบบดังกล่าวจะเป็นการผสมผสานระหว่างการประมวลผล ภาพเพื่อหาโครงสร้างช่องทางเดินรถด้วยการใช้ไลบรารีโอเพ่นซีวี กับการจําแนกประเภทช่อง ทางเดินรถและการหาค่าควรจะเป็นของช่องทางเดินรถ ระบบที่นําเสนอนี้เป็นระบบการตรวจจับ ช่องทางเดินรถที่สามารถตรวจสอบช่องทางเดินรถในตอนกลางวัน และสามารถตรวจสอบช่อง ทางเดินรถพร้อมแจ้งเตือนก่อนรถยนต์จะออกจากเส้นแบ่งช่องทางเดินรถ นอกจากนั้นแล้วระบบ นี้ยังสามารถตรวจจับช่องทางเดินประเภทต่าง ๆ ได้เช่น ทางตรง ทางโค้งซ้าย และโค้งขวา เป็นต้น\r\nระบบการตรวจจับช่องทางเดินรถนี้สามารถแบ่งออกเป็น 3 ส่วนด้วยกัน คือ ส่วนแรกเป็น ส่วนการประมวลผลภาพ ส่วนที่สองเป็นการตรวจจับช่องทางเดินรถในสภาวะยานพาหนะ เคลื่อนที่ไปข้างหน้า และสุดท้ายเป็นส่วนการแจ้งเตือนเมื่อยานพาหนะมีโอกาสเสี่ยงที่จะออกจาก เส้นแบ่งช่องทางเดินรถ ซึ่งในงานนี้ได้ใช้แบบจําลองโครงสร้างถนนในลักษณะสามเหลี่ยม มา เป็นตัวอธิบายลักษณะทางกายภาพของช่องทางเดินรถ แต่เทคนิคที่นําเสนอในครั้งนี้ยังไม่คงทนต่อ สภาพแวดล้อมต่าง ๆ เช่น สัญญาณรบกวน เงา เส้นถนนที่ไม่ต่อเนื่อง เป็นต้น\r\nระบบการตรวจจับช่องทางเดินรถนี้ให้ผลการตรวจจับช่องทางเดินรถได้อย่างถูกต้องแม่นยํา ในลักษณะทางตรงที่อัตราสูงสุดที่ 90 กิโลเมตรต่อชั่วโมงถึงร้อยละ 94 และในลักษณะทางโค้ง ที่อัตราความเร็วสูงสุด 60 กิโลเมตรต่อชั่วโมงถึงร้อยละ 96\r\nคําสําคัญ : รถยนต์ ถนน ช่องทางเดินรถ ประมวลผลภาพ\r\n', 'Lane Detection for Driving Aid Dystem', 'This thesis presents a method of automatic lane detection system using triangle pattern matching model. The system is a combination of various techniques including image processing to detect pattern of lane using OpenCV library, lane type classification, and lane likelihood. Moreover this system be able to detect lane on daytime, before deviating from borderline of lane, straight lane, left curve and right curve.\r\nThis automatic lane detection is divided in three systems such as image processing system, detecting lane during straight moving system and automatically diverting lane notification. The triangle model is applied to describe physical lane structure. The results show that the system is robust to the different conditions of environment, for instance, noise, shadow and discontinuity of lane in the images.\r\nThe results of lane likelihood were 94 percent accuracy on straight line with maximized rate at 90 km/hr and 96 percent accuracy on curve line with maximized rate at 60 km/hr.\r\nKeywords : Car, Road, Lane, Image Processing\r\n', 'ห้องสืบค้น');
INSERT INTO `thesis` (`ThesisID`, `Thesis_Year`, `Category`, `Title_Th`, `Abstract_Th`, `Title_En`, `Abstract_En`, `LocationCollection`) VALUES
(0097, '2556', 01, 'ระบบรายงานผลการแจ้งเตือนระดับน้ําเกลือผ่านทางเครือข่ายไร้สาย', 'ปริญญานิพนธ์ฉบับนี้ ได้สร้างระบบตรวจสอบปริมาณน้ําเกลือ และเครื่องควบคุมปริมาณ น้ําเกลือ โดยแสดงผลปริมาณน้ําเกลือที่เหลือเป็นเปอร์เซ็นต์ ประกอบด้วย วงจรเซนเซอร์ และวงจร สื่อสารวิทยุไร้สาย ทํางานร่วมกับไมโครคอนโทรลเลอร์ในการประมวลผลสัญญาณ และส่งข้อมูล ให้กับเครื่องคอมพิวเตอร์เพื่อรวบรวมข้อมูลในการจัดเก็บ และสื่อสารข้อมูลผ่านทางเครือข่ายไร้ สายโดยใช้ไมโครคอนโทรลเลอร์เป็นสื่อกลางในการติดต่อสื่อสารกับเครื่องคอมพิวเตอร์ มีการแจ้ง เตือนระดับน้ําเกลือ และระบุชื่อผู้ป่วยพร้อมหมายเลขห้องของผู้ป่วย ผ่านจอภาพของคอมพิวเตอร์ ทําให้ง่ายต่อการตรวจสอบข้อมูลของผู้ป่วย ตัวเครื่องมีขนาดเล็ก ใช้งานได้สะดวก และอํานวย ความสะดวกแก่พยาบาลในการเปลี่ยนถ่ายน้ําเกลือผู้ป่วย\r\nจากการทดลองระบบรายงานผลการแจ้งเตือนระดับน้ําเกลือผ่านทางเครือข่ายไร้สาย โดยการ ทดลองจะแบ่งออกเป็น 5 แบบคือ การทดลองส่งข้อมูลปริมาณน้ําเกลือ ตั้งแต่ระยะทาง 5 เมตร จนถึง 35 เมตร สามารถทํางานได้ถูกต้องร้อยละ 100 และระยะทางตั้งแต่ 40 เมตร ขึ้นไป จนถึงระยะทาง 50 เมตร ความถูกต้องในการรับข้อมูลจะลดลงตามลําดับ การทดลองการตรวจสอบ ปริมาณน้ําเกลือและอัตราการหยดน้ําเกลือ สามารถตรวจสอบปริมาณน้ําเกลือได้ร้อยละ 98 การ ทดลองควบคุมปริมาณน้ําเกลือและอัตราการหยดน้ําเกลือ สามารถตรวจสอบปริมาณน้ําเกลือได้ ร้อยละ 98 การทดลองบันทึกข้อมูล และแก้ไขข้อมูลสามารถทํางานได้ถูกต้องร้อยละ 100 การ ทดลองการแจ้งเตือนระดับน้ําเกลือสามารถทํางานได้ถูกต้องร้อยละ 100 แนวทางในการพัฒนา สามารถรับข้อมูลการแจ้งเตือนได้ตามเวลาจริง\r\n1 ขอ\r\nคําสําคัญ : ปริมาณน้ําเกลือ วงจรเซนเซอร์ ไมโครคอนโทรลเลอร์\r\n', 'The Saline Level Alarming Result Report System Through The Wireless Network ', 'The purpose of the thesis was to saline the saline quantity system validation and the saline quantity control machine, by displaying the result of the remained saline quantity as percent which consisted of sensor circuit and wireless radio communication circuit to operate with microcontroller in the signal processing and transmit to the computer to gather the data for storage and communicate the data through the wireless network by using the microcontroller as the intermediary with the computer that alarming the saline level and mention the patient\'s name along with the room number of the patient through the computer screen.\r\nForm the experimental result of the saline level alarming result report system through the wireless network by dividing experimental into 5 types namely the saline quantity trial from the distance of 5 metres to 35 metres able to a correct operation accounted 100 % and the distance from 40 metres and over to 50 metres the correctness reduced respectively. The experimental the saline quantity and the saline drop rate able to examine the saline quantity accounted 98 %. The experimental of the saline quantity control and saline drop rate accounted 98 %. The data recording experimental and edit able to perform accounted 100 %. The experimental of the saline level alarmed able to correctly operate accounted 100 %. The path on the development able to receive the alarming information with real time.\r\nKeywords: Saline quantity, Sensor circuit, Microcontroller\r\n', 'ห้องสืบค้น'),
(0099, '2556', 01, 'ระบบคํานวณค่าไฟฟ้าภายในหอพักผ่านสายไฟฟ้ากระแสสลับ', 'ปริญญานิพนธ์นี้ได้นําเสนอระบบคํานวณค่าไฟฟ้าภายในหอพักผ่านสายไฟฟ้ากระแสสลับ โดยได้ประยุกต์ใช้ไอซีรับส่งข้อมูลผ่านสายไฟฟ้ากระแสสลับเบอร์ TDA5051A ร่วมกับ ไมโครคอนโทรลเลอร์เบอร์ 18F2525 เพื่อรับส่งข้อมูลระหว่างมิเตอร์ไฟฟ้ากับคอมพิวเตอร์ ผ่าน ทางสายไฟฟ้ากระแสสลับ โดยแบ่งการทํางานออกเป็นสามขั้นตอน ขั้นตอนแรกอ่านค่าหน่วย ไฟฟ้าจากมิเตอร์ไฟฟ้า ขั้นตอนที่สองคํานวณค่าไฟฟ้า และขั้นตอนสุดท้ายจัดพิมพ์ใบเสร็จค่าไฟฟ้า\r\nจากการทดลองระบบคํานวณค่าไฟฟ้าภายในหอพักผ่านสายไฟฟ้ากระแสสลับ พบว่าสามารถ คํานวณค่าไฟฟ้า และจัดทําพิมพ์ใบเสร็จค่าไฟฟ้าได้อย่างถูกต้อง โดยระบบสามารถคํานวณค่า ไฟฟ้าของห้องพักได้สูงสุด 256 ห้อง และสามารถรับส่งข้อมูลระหว่างเครื่องคํานวณค่าไฟฟ้ากับ เครื่องอ่านค่าหน่วยไฟฟ้าในระยะทาง 100 เมตร โดยมีความแม่นยําร้อยละ 98 นอกจากนี้ระบบยัง ช่วยเจ้าของหอพักคํานวณค่าไฟฟ้าของห้องพักแต่ละห้องได้สะดวกมากขึ้น\r\nคําสําคัญ : ไอซีเบอร์ TDA5051A ไมโครคอนโทรลเลอร์เบอร์ 18F2525\r\n', 'Electricity Calculation System Using AC Line in Dormitory', 'The thesis is to conduct the Electricity Calculation System Using AC Line in Dormitory. The system processes by applying IC TDA5051A and Microcontroller 18F2525 for transferring data between electrical meter and a computer through AC line. The calculation processes are divided into three steps. Firstly, import electricity unit value from the meter to the computer through AC line. Secondly, calculate cost of the imported electricity unit by the program written for the thesis. Finally, print out the electricity receipt.\r\nFrom the pilot, the results have shown that effective distance of the transferring data between a meter and the computer is 100 meter. Then this system can calculate electricity cost of room maximum 256 room, The accuracy of the data transferred is 98 % Also, the program written can calculate electricity cost accurately.\r\nKeyword : IC TDA5051A Microcontroller 18F2525\r\n', 'ห้องสืบค้น'),
(0100, '2556', 01, 'เครื่องคัดแยกสีมะม่วงน้ําดอกไม้ ', 'ในปัจจุบันเกษตรกรได้นิยมทําสวนมะม่วงน้ําดอกไม้จํานวนมาก เนื่องจากเป็นผลไม้ที่ สามารถปลูกได้ทั่วทุกภาคของประเทศไทย และมีการส่งเสริมการปลูกในเชิงพาณิชย์เพื่อการ ส่งออกไปจําหน่ายยังต่างประเทศ แต่เกษตรกรต้องประสบปัญหาผลผลิตมะม่วงน้ําดอกไม้ในฤดู การผลิตมีจํานวนมากทําให้ไม่สามารถคัดแยกมะม่วงเพื่อบรรจุใส่กล่องได้ทัน ทําให้เกษตรกร สูญเสียรายได้เนื่องจากผลผลิตเน่าเสียหาย\r\nปริญญานิพนธ์ฉบับนี้ได้ออกแบบและสร้างเครื่องคัดแยกสีมะม่วงน้ําดอกไม้ โดยใช้ เทคนิคการประมวลผลภาพ (Image Processing) ร่วมกับไมโครคอนโทรลเลอร์ ซึ่งมี ส่วนประกอบหลักคือ สายพานลําเลียง กล้องเว็บแคม ไมโครคอนโทรลเลอร์ และคอมพิวเตอร์ ประโยชน์ของเครื่องคัดแยกสีมะม่วงน้ําดอกไม้คือ สามารถช่วยคัดแยกผลผลิตได้เร็ว ทําให้ เกษตรกรสามารถส่งออกได้ทัน มะม่วงเน่าเสียน้อยลง และเกษตรกรมีรายได้เพิ่มมากขึ้น\r\nจากการทดสอบพบว่า เครื่องคัดแยกสีมะม่วงน้ําดอกไม้สามารถคัดแยกสีมะม่วงได้โดยมี ความแม่นยําเฉลี่ย 99.80 % มีความเร็วในการคัดแยก 9.43 วินาทีต่อลูก\r\n', 'Image-Based Mango-Color Classification System', 'Nowadays orchard farmer\'s setup a lot of mango gardens named \"Nam Dok Mai” because this kind of fruit is able to grow in any part of Thailand. There is support for commercial export but orchard farmers must face a problem that product of Nam Dok Mai mango in that season are much too much so orchard farmers cannot loading in the boxes on time. They were losing income because of the product have been rotten.\r\nThis project machines have been introduced to sort the fruits according to color by using Image Processing technic,Micro controller which main composition are conveyor belt, Webcam camera, Micro controller and Computer. The benefit of machine sorting is getting dividing faster, be able to export on time and increased income.\r\nThe experiment showed that Color sorting machine mango. Can separate the mango has average accuracy 99.80 % the speed of separation of the 9.43 seconds.\r\n', 'ห้องสืบค้น'),
(0101, '2556', 01, 'ระบบตรวจสอบ และรู้จําป้ายทะเบียนรถยนต์ โดยใช้การประมวลผลภาพ', 'ปริญญานิพนธ์นี้นําเสนอวิธีการตรวจสอบ และรู้จําป้ายทะเบียนรถยนต์ โดยใช้การค้นหา ตําแหน่งที่คาดว่าน่าจะเป็นป้ายทะเบียน ซึ่งระบบดังกล่าวจะเป็นการผสมผสานระหว่างการ ประมวลผลภาพเพื่อหาตําแหน่งป้ายทะเบียนรถโดยใช้กระบวนการหาขอบแบบโซเบล ร่วมกับ กระบวนการวิเคราะห์บล็อบ เพื่อหาตําแหน่งที่เป็นป้ายทะเบียน กับการตัดและแยกตัวอักษรด้วย กระบวนการโปรเจ็กชัน และการรู้จําตัวอักษรด้วยระบบโครงข่ายประสาทเทียม ระบบที่นําเสนอนี้ เป็นระบบการตรวจสอบป้ายทะเบียนรถ และสามารถตรวจสอบผู้ใช้รถพร้อมบันทึกเวลาในการเข้า และออก นอกจากนั้นแล้วระบบนี้ยังสามารถตรวจสอบป้ายทะเบียนในระยะ 1 เมตร ถึง 3 เมตร ที่มี ความเอียงไม่เกิน 30 องศาทางแกนนอนได้\r\nระบบตรวจสอบ และรู้จําป้ายทะเบียนรถยนต์นี้สามารถแบ่งออกเป็น 2 ส่วนด้วยกัน คือส่วน แรกเป็นส่วนการประมวลผลภาพ และสุดท้ายเป็นส่วนการรู้จําตัวอักษรบนป้ายทะเบียนรถ แต่ เทคนิคที่นําเสนอในครั้งนี้ยังไม่คงทนต่อสภาพแวดล้อมต่าง ๆ เช่น แสง ป้ายทะเบียนที่ไม่ได้ มาตรฐาน เป็นต้น\r\nระบบตรวจสอบ และรู้จําป้ายทะเบียนรถยนต์นี้ให้ผลการตรวจหาตําแหน่งของป้ายทะเบียนที่ ดีที่สุดในระยะ 1-2 เมตร ความเอียง 0 องศาทางแกนนอน ได้ร้อยละ 81 และรองลงมาในระยะ 2 เมตร ความเอียง 15 องศาทางแกนนอน ได้ร้อยละ 76\r\nก\r\n)\r\nคําสําคัญ : รถยนต์ ป้ายทะเบียน ประมวลผลภาพ โครงข่ายประสาทเทียม\r\n', 'Car License Recognition system ', 'This project aims to present method for detecting and recognizing car license plate by searching expected location. This method is a combination of image processing which can tell the location of car license plate by using Sobel and find the location by Blob analysis. Then, cutting and separating the letters with projection system. Furthermore, the letters in car license plate were recognized by Neural Network system. This system can detect the car license plate, check the user and record entry-exit time. The distance of detecting is 1-3 meters with a maximum degree of inclination at 30° horizontally.\r\nCar License Plate Recognition system can be divided into 2 parts of image processing and letter recognition. However, this technique is affected by charging environment such as light and unstandardized car license plate.\r\nThe results of this study show that the first best distance of 81 percent of accuracy for detecting and recognizing is at 1-2 meters and degree of inclination at 0° horizontally while the second best is at 76 percent of accuracy for the distance of 2 meters and degree of inclination at 15° horizontally.\r\nKeywords : Car, License Plate, Image Processing, Neural Network\r\n', 'ห้องสืบค้น'),
(0102, '2556', 01, 'การพัฒนาระบบติดตามเครื่องคอมพิวเตอร์พกพาสูญหาย ', 'ปริญญานิพนธ์นี้นําเสนอการพัฒนาระบบติดตามเครื่องคอมพิวเตอร์พกพาที่สูญหาย เนื่องจาก แผนกงานศูนย์การเรียนด้วยตนเอง สํานักวิทยบริการและเทคโนโลยีสารสนเทศ มหาวิทยาลัย เทคโนโลยีราชมงคลอีสาน มีการให้บริการเครื่องคอมพิวเตอร์พกพา (Laptop) เพื่อให้นักศึกษาได้ ใช้ในการค้นคว้าข้อมูล รวมถึงปัจจุบันมีนักศึกษาที่มีคอมพิวเตอร์พกพาของตนเอง และนํามาใช้ เพิ่มขึ้นเป็นจํานวนมาก โดยทั้งสองกรณีอาจเกิดการสูญหายของเครื่องคอมพิวเตอร์พกพา และเมื่อ เกิดการสูญหายขึ้นพบว่า มีความยากในการติดตาม\r\nการพัฒนาระบบติดตามเครื่องคอมพิวเตอร์พกพาสูญหาย ให้ข้อมูลในการติดตามเครื่อง คอมพิวเตอร์พกพาสูญหายได้อย่างถูกต้อง และมีประสิทธิภาพ ทําให้ง่ายในการติดตามเครื่อง คอมพิวเตอร์พกพากลับคืนมา\r\nคําสําคัญ : คอมพิวเตอร์พกพา ระบบติดตามคอมพิวเตอร์พกพา สูญหาย\r\n', 'Laptop Computer Loss Tracking System', 'This independent study presents Laptop Computer Loss Tracking System. Self Access Center Department, Office of Academic Resources and Information Technology, Rajamangala University of Technology Isan, service the laptop computers for students to use for learning and access to the internet. The students with their own laptop computer and used a lot. The both cases, computer laptop may\r\nbe loss and difficult to track.\r\nLaptop Computer Loss Tracking System provided the information to track lost computer laptop correctly and efficiently, makes it easy to track the computer laptop\r\nback.\r\nKeywords : Laptop Computer, System Tracking Laptop Computer, Loss\r\n', 'ห้องส์บค้น'),
(0103, '2556', 01, 'เครื่องกัดลายปริ้นท์ขนาดเล็ก', 'ปริญญานิพนธ์เรื่อง เครื่องกัดลายปริ้นท์ขนาดเล็กมีจุดประสงค์เพื่อลดขั้นตอนการทําแผ่น ปริ้นท์และเพิ่มคุณภาพลายปริ้นท์วงจรให้สมบูรณ์ยิ่งขึ้น โดยเครื่องกัดลายปริ้นท์ขนาดเล็กมีขนาด ความยาว 63 ซม. ความกว้าง 54 ซม. และความสูง 49 ซม. เครื่องกัดลายปริ้นท์ขนาดเล็กเคลื่อนที่ ได้ในแนวแกน X, Y และ Z ซึ่งแนวแกน X แกน Y เคลื่อนที่ได้ไม่เกิน 30 ซม. ส่วนแกน Z เคลื่อนที่ได้ไม่เกิน 10 ซม. สามารถกัดแผ่นปริ้นท์ที่มีขนาดไม่เกิน 30x30 ซม. ที่มีความหนา ตั้งแต่ 1.5 มม. ถึง 2 ซม. โปรแกรมสามารถนําเข้าไฟล์ภาพขนาดไม่เกิน 30x30 ซม. ความละเอียด ภาพ 200 DPI ขนาดของเส้นลายวงจร และระยะห่างของเส้นลายวงจรในการคัดลายปริ้นท์ต้องไม่ น้อยกว่า 1 มม. การควบคุมการทํางานใช้การประมวลผลภาพ\r\nเครื่องกัดลายปริ้นท์ขนาดเล็กสามารถลดขั้นตอนเหลือเพียง 3 ขั้นตอนคือ การออกแบบลาย วงจร การประมวลผลภาพ และการกัดแผ่นปริ้นท์ และการเจาะแผ่นปริ้นท์ นอกจากนั้นแล้วยังไม่ ต้องใช้น้ํายาดีวีลอปเปอร์และกรดกัดปริ้นท์อีกด้วย มีความแม่นยําในการคัดลายปริ้นท์ร้อยละ 85 และมีความแม่นยําในการเจาะแผ่นปริ้นท์ร้อยละ 100\r\nคําสําคัญ : การกัด การเจาะ เครื่องกัดลายปริ้นท์ ประมวลผลภาพ\r\n', 'PCB Router', 'The thesis of a Print Circuit Board router (PCB router) aims to reduce processes of making a printed circuit board (PCB) and improves qualities of the PCB. The PCB router size is 63 cm. long, 54 cm. wide, and 49 cm. high. The PCB router\'s spindle moves along axis X, Y and Z. For the axis X and Y, the moving is not more than 30 cm. For the axis Z, the moving is not more than 10 cm. Size of a circuit board used is not more than 30x30 cm. The thickness of the circuit board is from 1.5 to 20 mm. The imported image size is not more than 30x30 cm. The image resolution has to be 200 DPI. Lines of the circuit pattern and distance between the lines have to be at least 1 mm. The PCB router works following principles of the image processing.\r\nThe PCB router can reduce processes of making a PCB to 3 steps; a circuit pattern design, the image processing, and the circuit board milling and drilling. Moreover, Developer fluid and Ferry Chloride are not needed to used at all. For the qualities, accuracy of the milling and drilling are 85 % and 100 % respectively.\r\nKeywords : Milling, Drilling, Printed Circuit Board, Image Processing\r\n', 'ห้องสืบค้น'),
(0104, '2556', 01, 'เครื่องควบคุมอุณหภูมิการเลี้ยงไก่ในโรงเรือนระบบปิด', 'เทคโนโลยีด้านโรงเรือน และอุปกรณ์การเลี้ยงไก่ได้พัฒนาไปอย่างรวดเร็ว ปัจจุบันโรงเรือน เลี้ยงไก่ระบบปิดหรือโรงเรือนแบบอีแว็ปได้รับความนิยมเป็นอย่างมาก เนื่องจากสามารถลด อุณหภูมิภายในโรงเรือนให้ต่ํากว่าภายนอกได้ 4 ถึง 5 องศาเซลเซียส แต่ปัญหา และอุปสรรค คือการควบคุมการตั้งเวลาระบบปิด-เปิด ของอุปกรณ์ระบายความร้อน ทําให้ไม่สามารถควบคุม อุณหภูมิและความชื้นให้คงที่ได้ และยากต่อการตรวจสอบสถานะของอุปกรณ์ระบายความร้อน\r\nปริญญานิพนธ์นี้นําเสนอวิธีการควบคุมอุณหภูมิ ความชื้นสัมพัทธ์ แสงสว่างภายในโรงเรือน ระบบปิด การแจ้งเตือนของไซเรน และการแจ้งเตือนผ่านระบบส่งข้อความทางโทรศัพท์ โดยการควบคุมดังกล่าวเป็นการผสมผสานระหว่าง หลักการของระบบอีแว็ปเพื่อควบคุม อุณหภูมิ ความชื้นสัมพัทธ์ และไมโครคอนโทรลเลอร์ PIC เบอร์ 18F452 และเบอร์ 16F648A เพื่อควบคุมการทํางานของอุปกรณ์ทั้งภายใน และภายนอกโรงเรือน เครื่องควบคุมอุณหภูมิการเลี้ยง ไก่ในโรงเรือนระบบปิดนี้แบ่งการควบคุมการทํางานออกเป็น 2 ส่วนด้วยกันคือส่วนที่หนึ่งเป็น ส่วนการควบคุมโดยตรงผ่านเครื่องโปรแกรมควบคุมอุณหภูมิการเลี้ยงไก่ในโรงเรือนระบบปิด และส่วนที่สองเป็นส่วนควบคุมโดยโปรแกรมควบคุมอุณหภูมิการเลี้ยงไก่ในโรงเรือนระบบปิด ผ่านทางเครือข่ายไร้สาย\r\nเครื่องควบคุมอุณหภูมิการเลี้ยงไก่ในโรงเรือนระบบปิด สามารถที่จะควบคุมอุณหภูมิ ความชื้นสัมพัทธ์ และแสงสว่าง ตามค่าที่เหมาะสมแก่อายุการเลี้ยงได้คิดเป็นร้อยละ 100 สามารถ แจ้งเตือนไปยังเกษตรกรผู้เลี้ยงไก่โดยการเตือนของเสียงไซเรน และการแจ้งเตือนผ่านระบบส่ง ข้อความทางโทรศัพท์ได้คิดเป็นร้อยละ 100 และสามารถควบคุมผ่านทางเครือข่ายไร้สายได้\r\nคําสําคัญ : ไมโครคอนโทรลเลอร์ เครือข่ายไร้สาย โรงเรือนระบบปิด เซนเซอร์\r\n', 'Evap Temperature Control System', 'Evap (Evaporative Air Cooling System) and equipment technologies raising chickens has been developing rapidly. Present Evap have become extremely popular because it can reduce the internal temperature of Evap, under external to 4-5 degree Celsius, But the baniers are the system timer control shuts down-turn on the cooling device make it impossible to control the temperature and humidity constant and difficult to monitor the status to the cooling device.\r\nThis thesis presents in this how to control temperature, relative humidity, lighting within a Evap, siren notification and alerts via text messaging on mobile phone by controlling such a combination of system to temperature control Evap, relative humidity and microcontroller PIC number 18F452 and number 16F648A to control the operation of device both inside and outside Evap, Evap Temperature Control System split it into two part : part one is the control of working directly through & controlled breeding Evap and the second part is a console program working Evap Temperature Control System via a wireless network.\r\nEvap Temperature Control System able to control the temperature, relative humidity and the lighting according to the value that is appropriate to the age to have 100 percent can alerts to a warning by the chicken farmers of the siren and alerts via text messaging on mobile phone is 100 percent and can be controlled via a wireless network.\r\nKeywords : Microcontroller, Wireless network, Evap, Sensor\r\n', 'ห้องสืบค้น'),
(0105, '2556', 01, 'ชุดควบคุมความเร็วมอเตอร์แบบโปรแกรมได้', 'ปริญญานิพนธ์นี้เป็นการสร้างชุดควบคุมความเร็วมอเตอร์แบบโปรแกรมได้ ที่สามารถ นําไปใช้งานกับรถไฟฟ้าที่มีคุณสมบัติของมอเตอร์ที่แตกต่างกัน เช่น แรงดันไฟฟ้า กระแสไฟฟ้า ความถี่ PWM และคันเร่งไฟฟ้า ซึ่งการใช้งานสามารถปรับตั้งค่าเหล่านั้นจากเครื่องคอมพิวเตอร์ เพื่อการใช้งานที่เหมาะสม\r\nชุดควบคุมความเร็วมอเตอร์แบบโปรแกรมได้มีการทํางานแบ่งออกเป็น 2 ส่วนด้วยกัน คือ ส่วนแรก คือวงจรควบคุมความเร็วมอเตอร์ใช้ไมโครคอนโทรลเลอร์เบอร์ PIC18F4550 ทําหน้าที่ ควบคุมการทํางานทั้งหมดของวงจร และติดสื่อสารกับเครื่องคอมพิวเตอร์ ส่วนที่สอง คือโปรแกรม ประยุกต์บนเครื่องคอมพิวเตอร์ ทําหน้าที่ปรับตั้งค่าการทํางานให้กับไมโครคอนโทรลเลอร์ในวงจร ควบคุมความเร็วมอเตอร์\r\nชุดควบคุมความเร็วมอเตอร์แบบโปรแกรมได้ สามารถใช้งานกับแหล่งจ่ายไฟกระแสตรง ขนาด 24-48 V สามารถรองรับกระแสในการใช้งานได้สูงสุด 200 A มีวงจรป้องกันกระแสเกินที่ มีความถูกต้องในการทํางานคิดเป็นร้อยละ 97.75 มีวงจรป้องกันอุณหภูมิวงจร และอุณหภูมิ มอเตอร์ที่มีความถูกต้องในการทํางานคิดเป็นร้อยละ 98.79 สามารถปรับตั้งความถี่ PWM ได้ และสามารถเลือกประเภทคันเร่งไฟฟ้าได้\r\nคําสําคัญ : วงจรเฮช-บริดจ์ ชุดควบคุมความเร็วมอเตอร์ รถไฟฟ้า ความถี่ PWM\r\n', 'Programmable Speed Control Motor', 'The produce project aims to create the programmable speed control motor circuit with can be used in the different motors of the electric car such as voltage, frequency electric current, PWM frequency and electronic accelerator padal. The user can adjust those settings from the computer for proper use.\r\nThe programmable speed control motor can be devided into two parts. First, the motor speed control circuit with microcontroller PIC18F4550 can be controlled in all functions and communicated with computer. Second, the applications on computer can be adjust the setting for the motor speed control with microcontroller.\r\nThe programmable speed control motor can be used for 24-48 volt power supply that can flow up to a maximum of 200 amps. There are over current protection circuit with average percentage of accuracy of 97.75 and 98.79 percent of the motor thermal protection. This can be adjust the PWM frequency and select the type of padal power.\r\nKeywords : H-bridge Circuit, Speed Control Motor, Electric Car, PWM Frequency\r\n', 'ห้องสืบค้น'),
(0106, '2556', 01, 'ป้ายอักษรวิ่งสําหรับภายในอาคาร ', 'ปริญญานิพนธ์การจัดทําป้ายอักษรวิ่งสําหรับภายในอาคาร มีขนาด 32x64 ซม ป้ายอักษรวิ่ง สําหรับภายในอาคารแบ่งออกเป็น 3 ส่วน คือ การเขียนโปรแกรมควบคุมการแสดงผล GUI ไมโครคอนโทรลเลอร์ และชุดแสดงผล LED กระบวนการทํางานเริ่มต้นด้วยโปรแกรมควบคุม การแสดงผล GUI ส่งข้อมูลไปยังไมโครคอนโทรลเลอร์เพื่อควบคุมชุดแสดงผล LED ข้อมูลจะ ถูกส่งผ่านทางการสื่อสารแบบอนุกรมป้ายอักษรวิ่งนี้แสดงผลได้ 2 ภาษา คือ ภาษาไทยและ ภาษาอังกฤษ อักษรภาษาไทย และภาษาอังกฤษมีขนาดที่ 8x6 จุด (8x6 ซม) สามารถแสดงผลได้ ทันทีที่คอมพิวเตอร์สั่งการจากโปรแกรมควบคุมการแสดงผล GUI และกําหนดการแสดงผลใน รูปแบบที่ต่างกันได้มากกว่า 10 รูปแบบ\r\nคําสําคัญ : ป้ายอักษรวิ่ง ประชาสัมพันธ์ การสื่อสารอนุกรม\r\n', 'LED Scrolling Sign Board for Indoor', 'The thesis is to conduct an indoor LED (light-emitting diode) Scrolling Sign Board for Indoor with the size of 32x64 cm. The LED Scrolling Sign Board for Indoor works can be divided into three main parts : GUI (Graphical User Interface) application, a microcontroller and 4 sets of LED module. The working processes begin with the GUI application sends data to the microcontroller that used to control\r\nthe LED modules. The data is sent in Serial Communication. The LED Scrolling Sign\r\nBoard for Indoor can display messages in two languages; Thai and English. Size of the letters is 8x6 cm. (8x6 dot). It can display the messages in real time as soon as receiving input from the GUI application. The messages can be displayed in different\r\n10 patterns.\r\nKeyword : scrolling sign board Public relations Serial Communication\r\n', 'ห้องสืบค้น'),
(0129, '2548', 02, 'โปรแกรมระบบบริการงานซ่อมบํารุง', 'เนื่องการจัดเก็บเอกสารที่มีจํานวนมากของแผนกซ่อมบํารุง โดยเฉพาะใบแจ้งซ่อมต่างๆ จึงทําให้เกิดความไม่สะดวกในการค้นหา หรือสืบค้นข้อมูลเกี่ยวกับประวัติการซ่อมเครื่องจักรหรือ อุปกรณ์ต่างๆ โปรแกรมระบบริการงานซ่อมบํารุง Service Maintenance System จะช่วย อํานวยความสะดวกในการจัดเก็บและค้นหาข้อมูลต่างๆ เหล่านี้ ให้เป็นระเบียบง่ายต่อการค้นหา และใช้งาน จึงเป็นที่มาของการจัดทําระบบฐานข้อมูลของแผนกซ่อมบํารุง ซึ่งโปรแกรมระบบ บริการงานซ่อมบํารุง Services Maintenance System นี้ ผู้จัดทําได้สร้างขึ้นโดยใช้โปรแกรม\r\nMicrosoft Access และ โปรแกรม Microsoft Visual Basic 6 ซึ่งเมื่อเสร็จสมบูรณ์แล้ว จะเป็น โปรแกรมที่ง่ายกับการใช้งาน\r\n', 'Services Maintenance System.', 'Because of work to keep much document of maintenance sector just Orderfrom then not expedient or search for history machine and equipment project Services Maintenance System can to expedient to save\r\nis cause for build database of and search this all data to system maintenance which project Service Maintenance System to build by program Microsoft Access and Microsoft Visual Basic 6 at this program to be completed as to easy to work\r\n', 'ห้องสืบค้น'),
(0130, '2548', 02, 'โปรแกรมบันทึกข้อมูลสถิติทางคดีอาญาด้วยระบบคอมพิวเตอร์\r\n', 'ตั้งแต่อดีตที่ผ่านมาในการจัดเก็บข้อมูลสารบบคดีนั้น ได้มีการบันทึกในรูปแบบของ กระดาษ เมื่อมีข้อมูลเป็นจํานวนมากจึงสิ้นเปลืองเนื้อที่ในการจัดเก็บและยากต่อการค้นหาจาก ความต้องการดังกล่าวจึงทําให้เกิดความคิดในการจัดทําโปรแกรมสารบบคดี และได้มีการพฒนา รปแบบการใช้งานเพื่ออํานวยความสะดวกต่อผู้ใช้งานมากขึ้นเพื่ออํานวยความสะดวก ในการ บริการประชาชนและสามารถค้นหาข้อมูลได้รวดเร็วลดเวลา ลดค่าใช้จ่าย ในการจัดเก็บข้อมูล สะดวกในการจัดสรรข้อมูลสํานักงานอัยการเขต 3 ในการเรียนรู้วิธีการเขียนโปรแกรมสารบบคดี ได้อํานวยความสะดวก ให้กับผู้ใช้โดยไม่จําเป็นที่จะต้องใช้เวลามากในการศึกษาเรียนรู้โปรแกรม ด้วยเหตุนี้การจัดเก็บบันทึกข้อมูลจึงเป็นไปได้อย่างสะดวก และหลากหลายมากขึ้นทําให้ประหยัด ทั้งทรัพยากรและบุคลากร\r\n', 'Lawsuit Statistic Program', ' Today, we managed our Lawsuit statistic program by record in paper. When we have a lot of data, so we have a lot of stored. And after that we manage to invent computer software, to develop for task, for comfortable. In the service we able to search data quickly in a short time, to reduce expenditure. In the data management to sort data of the Attorney Region 3. The acknowledgement of program gets it comfortable for users by the users are not necessary to do in a long time, for studying the program. In the data management, they are various and comfortable, economics both human and resources.\r\nBy characteristics of our task, which in our program. In this program can separate in categories. To manage data, search and show in the type of statistics.\r\n', 'ห้องสืบค้น'),
(0137, '2549', 02, 'ระบบประมวลผลข้อมูลแผนก World Wild Failure Analysis', 'บริษัท ซีเกท เทคโนโลยี (ประเทศไทย) จํากัด เป็นบริษัทที่ผลิตฮาร์ดดิสก์ไดร์ฟ และ ผลิตภัณฑ์เกี่ยวกับหน่วยความจําที่ใช้บันทึกข้อมูล ซึ่งได้ขยายฐานการผลิตเข้ามาในเอเชีย โดยเริ่ม ก่อตั้งโรงงานที่ประเทศสิงคโปร์ ในปี พ.ศ. 2526 และในปีต่อมาก็ได้ขยายฐานการผลิตเข้ามา ในประเทศไทย ในปี พ.ศ. 2527 ที่อาคารสินเคหะการ ถนนรัชดาภิเษก อาคารเกียรตินาคิน ถนนวิภาวดีรังสิต และอาคารมโนรมย์ ถนนพระราม4 เมื่อความต้องการผลิตภัณฑ์ฮาร์ดดิสก์ไดร์ฟ เพิ่มมากขึ้น ซีเกทประเทศไทยได้เริ่มขยายฐานการผลิตไปที่โรงงานเทพารักษ์ในปี พ.ศ. 2531 และขยายอีกครั้งมายังโรงงานโคราชในปี พ.ศ. 2539\r\nแผนก World Wide Failure Analysis (WWFA) ซึ่งทําหน้าที่เกี่ยวกับการวิเคราะห์ ปัญหาความสูญเสียของผลิตภัณฑ์ เพื่อที่จะได้นําผลที่ได้ไปแก้ไขปัญหาที่ต้นเหตุ เพื่อที่จะลด ปัญหาเหล่านั้นที่เกิดขึ้นกับชิ้นงาน ซึ่งผลของการวิเคราะห์จะมาจากการทํา FA ในห้อง Lab จาก เดิมการจัดเก็บผลที่ได้จากวิเคราะห์นั้นจะถูกเก็บไว้ในโปรแกรม Microsoft Excel ซึ่งการจัดเก็บ แบบนี้มีปัญหาเกิดขึ้นตามมามาก เช่น เกิดความซ้ําซ้อนของข้อมูล ข้อมูลผิดพลาดได้ง่าย ยากแก่การแก้ไข ทางแผนกจึงมีนโยบายที่จะทําในรูปแบบของฐานข้อมูลขึ้น โดยโปรแกรมที่ จะจัดทําเป็นแบบ Web Application ติดต่อกับฐานข้อมูล ซึ่งหลังจากที่ได้ทําโครงงานนี้ขึ้นแล ทางบริษัทจะนําไปใช้ทั้งโรงงานที่โคราช และเทพารักษ์\r\n', 'World Wild Failure Analysis Report Processing System ', 'Seagate Technology (Thailand) Ltd. is a harddisk drive manufacturer and other products related to memory recording. Seagate expands its manufacturing site into Asia by started in Singapore in 1983. The manufacturing sites started in Thailand in 1984. The three first site located at Sinkehakarn building, Rachadabhisek road; Kiatnakin building, Vibhavadee Rangsit road and Manorom building, Rama4 road. When high demanding increased, Seagate moved the manufacturing base to Teparuk Factory in 1988 and then expanded again to Korat site in 1996\r\nWorld Wild Failure Analysis (WWFA) Department is to analyse the problem of product defects by finding out the root cause. Currently the data and the analytical result are kept in Microsoft Excel. There are some problems with this kind of data keeping. Such as data duplication, data error, data correction difficulty. WWFA have policy change correction data procedure to database. This application will be in the from of \"Web Application” interface between users and database. After this application was made to complete its be served between Korat plant and Teparuk plant\r\n', 'ห้องสืบค้น'),
(0138, '2549', 01, 'ระบบออกใบรับรองดิจิตอล สําหรับ มทร.อีสาน', 'ปัจจุบันมีการให้ความสําคัญกับการรักษาความปลอดภัยของข้อมูล แบบอิเล็กทรอนิกส์ มากขึ้น เนื่องจากอินเตอร์เนตซึ่งเป็นช่องทางสื่อสารสาธารณะ ได้รับความนิยมและใช้งานกัน อย่างแพร่หลาย เทคโนโลยีรักษาความปลอดภัยของข้อมูล อย่างโครงสร้างพื้นฐานเทคโนโลยี กุญแจสาธารณะ (PKI-Public key Infrastructure)\r\nและการใช้งานใบรับรองดิจิตอล (Digial certificate)เป็นเทคโนโลยีที่ได้รับการยอมรับกันในวงกว้างขวางว่ามีความน่าเชื่อถือ และเป็นที่นิยมใช้ หน่วยงานไอทีขององค์กรต่างๆต้องการทําหน้าที่เป็นหน่วยผู้ประกอบการ รับรอง(CA-Certification Authority) เพื่อทําให้เกิดโครงสร้างพื้นฐานเทคโนโลยีกุญแจสาธารณะ ในหน่วยงาน แต่ระบบหน่วยผู้ประกอบการรับรองที่ขายในเชิงพาณิชย์นั้นมีราคาสูงมักผูกขาด ในเชิงของเทคโนโลยี\r\nบทความนี้นําเสนอแนวคิดในการออกแบบ และพัฒนาระบบดังกล่าวแบบซอฟต์แวร์ แบบโอเพนซอร์สอย่าง OpenCA บนระบบปฏิบัติการลีนุกซ์เพื่อลดค่าใช้จ่ายขององค์กร\r\n', ' Certificates Athurity For RMUTI\r\n', 'Presently, there is more concern of information security because internet is widely used as the public channel for communication among parties. Public Key Infrastructure (PKI) and usage of digital certificate are the acceptable technologies for securing transferred data.\r\nSome IT organizations have mission to establish their own Certification Authority (CA) to form organization\'s PKI. Unfortunately, the commercial Certification Authority system price is considerably high. Their technologies and protocols are sometimes proprietary.\r\nThis paper deals with the problem of design and implementation of Certification Authority. We elaborate the basic characteristics of OpenCA illustrate usage of these open source software as the Certification Authority on Linux-based system.\r\n', 'ห้องสืบค้น'),
(0139, '2549', 02, 'โปรแกรมระบบงานฐานข้อมูล และเว็บไซต์กลุ่มงานเวชศาสตร์ ฉุกเฉินและนิติเวช', 'เนื่องการจัดเก็บเอกสารที่มีจํานวนมากของกลุ่มงานเวชศาสตร์ฉุกเฉินและนิติเวช จึงทําให้ เกิดความไม่สะดวกในการค้นหา หรือสืบค้นข้อมูลต่างๆ โปรแกรมระบบงานฐานข้อมูลและ เว็บไซต์กลุ่มงานเวชศาสตร์ฉุกเฉินและนิติเวช จะช่วยอํานวยความสะดวกในการจัดเก็บและค้นหา ข้อมูลต่างๆ เหล่านี้ให้เป็นระเบียบง่ายต่อการค้นหา และใช้งาน อีกทั้งยังช่วยในการกระจาย ข่าวสารต่างๆ ให้บุคคลทั่วไปได้รับทราบข้อมูลที่เป็นประโยชน์จึงเป็นที่มาของการจัดทําระบบงาน ฐานข้อมูลและเว็บไซต์กลุ่มงานเวชศาสตร์ฉุกเฉินและนิติเวช ซึ่งโปรแกรมระบบงานฐานข้อมูล นี้ ผู้จัดทําได้สร้างขึ้นโดยใช้โปรแกรม Microsoft Access และ โปรแกรม Microsoft Visual Basic.NET ส่วนของเว็บไซต์ได้ใช้ PHP และ Mysql ซึ่งเมื่อเสร็จสมบูรณ์แล้ว จะเป็นโปรแกรม ที่ง่ายกับการใช้งาน\r\n', 'Database System For Accident & Emergency Department ', 'Because of work to keep much document of work medicine emergency group and the medical jurisprudence then not expedient or search for all data. This Program can to expedient to save and search this all data to system is cause for build database of medicine emergency group and the medical jurisprudence moreover, this website and project can spreading news substance all, give general person receives to know the data that advantages which project Database System For Accident & Emergency Department build by program Microsoft Access and Microsoft Visual Basic.NET and Website build by PHP and Mysql at this program to be completed as to easy for work\r\n', 'ห้องสืบค้น'),
(0140, '2549', 02, 'ระบบฐานข้อมูลครุภัณฑ์ สําหรับ สํานักงานไปรษณีย์ เขต 3 ', 'เนื่องจากการจัดเก็บข้อมูลครุภัณฑ์ของแผนกทรัพย์สินและพัสดุ สํานักงานไปรษณีย์ เขต 3 ในลักษณะของเอกสารที่มีจํานวนมาก จึงทําให้เกิดความยุ่งยากและใช้เวลานานในการค้นหาหรือ สืบค้นข้อมูลต่างๆ จึงเป็นที่มาของระบบฐานข้อมูลครุภัณฑ์ สําหรับ สํานักงานไปรษณีย์ เขต 3 ซึ่ง จะช่วยอํานวยความสะดวกรวดเร็วในการจัดเก็บและค้นหาข้อมูลต่างๆ ให้เป็นระเบียบและง่ายต่อ การค้นหา และใช้งาน\r\nซึ่งผู้จัดทําได้สร้างขึ้นโดยใช้ภาษา PHP และ MySQL ซึ่งเมื่อเสร็จสมบูรณ์แล้ว จะเป็น ระบบฐานข้อมูลที่ง่ายและรวดเร็วต่อการใช้งานระบบฐานข้อมูลครุภัณฑ์ สําหรับ สํานักงาน ไปรษณีย์ เขต 3\r\n', 'Hardware databases system for Regional postal bureau (Region 3)', 'The material and inventory department of the region 3 Post Office uses a paper filing system for their business activities. This paper based filing system is difficult to use for searching and retrieving information. A new database application based on MySQL and PHP has been developed to provide efficient search and retrieval capabilities. The new system will provide a reliable and consistent framework for administrators and end users.', 'ห้องสืบค้น'),
(0155, '2555', 02, 'โปรแกรมตรวจข้อสอบแบบปรนัย', 'ปัจจุบันการตรวจข้อสอบแบบปรนัยได้ใช้เครื่องตรวจข้อสอบโดยใช้หลักการดูดกลืนแสง (Optical Mark Reader) ในการตรวจข้อสอบ โดยเครื่องตรวจข้อสอบดังกล่าวนั้นมีราคาสูง ต้องใช้กระดาษสําหรับเครื่องตรวจข้อสอบโดยเฉพาะ และเสียเวลาในการทําข้อสอบมาก เนื่องจากผู้ทําข้อสอบต้องทําการระบายด้วยดินสอให้ชัดเจนในช่องว่างของกระดาษคําตอบดังนั้น ผู้จัดทําได้พัฒนา “โปรแกรมตรวจข้อสอบแบบปรนัย” ขึ้นโดยการใช้ ภาษาจาวา (Java Language) และการประมวลผลภาพ (Image Processing) ซึ่งใช้การสแกนรูปภาพของกระดาษคําตอบเข้าไป ประมวลผล กระดาษคําตอบที่ใช้สามารถพิมพ์ขึ้นมาเองได้ อีกทั้งยังทําให้ผู้ทําข้อสอบทําข้อสอบไม่ เสียเวลาในการทําข้อสอบ ทําให้การตรวจข้อสอบสามารถทําได้ง่าย และยังสามารถนําข้อมูลที่ได้ จากการตรวจไปใช้งานต่อในคอมพิวเตอร์ได้สะดวกยิ่งขึ้น\r\nจากการทดสอบโปรแกรมสามารถตรวจข้อสอบได้ถูกต้อง 100% และจากการนําโปรแกรม ตรวจข้อสอบแบบปรนัยไปใช้งานในมหาวิทยาลัย และสํารวจความพึงพอใจพบว่า ผู้ใช้มีความพึง พอใจในด้านความสะดวกในการใช้งานค่าเฉลี่ยในเกณฑ์ดี (87%) และในด้านความถูกต้องในการ ใช้งานมีค่าเฉลี่ยในเกณฑ์ดี (87.2%)\r\nมาจาวา การประมวลผลภาพ\r\n', 'Choice Examination Checker', 'Nowadays, it is normal to correct devices multiple choice tests by using a\r\nThe devise is working based on the principle of Optical Mark Reader. The\r\nses of test correction require specific answer sheet and pencils, consume time because the marking have to be done carefully. When think of the device a accessories of the processes, it consumes both money and time. Therefore, u p aims of develop “the choice examination checker program” by using Java language. The program works based on a principle of Image Processing. The answer sheets can be marked by any markers and then are scanned to be images for the processing. The program also provides printable answer sheets that can print out on normal paper. The reports are done in Portable Document Format (.pdf) and Comma-separated-values (.csv) files that is easy to use with other program in a computer.\r\nThe program was checked 100% of a test and it was piloted by teachers in the university. The results have been found that the users were satisfied the program in high level (87%). The program accuracy is also in high level (87.2%)\r\nKeywords: Java , Image processing\r\n', 'ห้องสืบค้น'),
(0157, '2555', 01, 'รถไฟฟ้าสําหรับคนพิการควบคุมด้วยศีรษะ ', 'ปริญญานิพนธ์นี้เป็นการศึกษาการสร้างรถไฟฟ้าสําหรับคนพิการควบคุมด้วยศีรษะ เพื่ออํานวยความสะดวกในการเดินทางของคนพิการ หรือผู้สูงอายุที่มีความผิดปกติที่มือ โดยการ สร้างรถไฟฟ้าสําหรับคนพิการ ซึ่งสามารถควบคุมการทํางานได้ 2 วิธีคือ การควบคุมด้วยศีรษะ และแท่งควบคุม เพื่อรองรับผู้ใช้งานทั่วไปได้\r\nรถไฟฟ้าสําหรับคนพิการควบคุมด้วยศีรษะมีความเร็วเฉลี่ยอยู่ที่ 4.42 กิโลเมตรต่อชั่วโมง สามารถขึ้นทางลาดเอียงได้ประมาณ 5 องศา โดยมีน้ําหนักผู้ใช้งานไม่เกิน 80 กิโลกรัม แบตเตอรี่ของ รถไฟฟ้าสําหรับคนพิการควบคุมด้วยขนาด 24 โวลต์ 12 แอมป์ สามารถเคลื่อนที่ได้ระยะทาง 10 - 19 กิโลเมตร\r\n', 'Electrical Wheelchair for Disabled People User Head to Controls ', 'The Project is to study and develop an electrical wheelchair for disabled people user head to controls to offer support for disability people or elders cannot use their hand. The electrical wheelchair can be controlled by the head motions and the control stick for normal user compatibility. When the user moves his or her head, a sensor will check the head movement and transfer the signal to which in turn, will send signals to control the motor wheels that move according to the head movement.\r\nFrom the experiment, the result showed that the electrical wheelchair average speed was 4.42 kilometers per hour. It can move on a ramp with 5 degrees slope and carry a user with weight not more than 80 kg. The battery, 24 volt 12 amp, can be used for a distance around 10 to 19 kilometers.\r\n', 'ห้องสืบค้น'),
(0161, '2555', 02, 'ระบบจัดการฐานข้อมูลสําหรับโรงพยาบาลลําทะเมนชัย', 'ปัจจุบันการจัดเก็บข้อมูลของโรงพยาบาลลําทะเมนชัย ยังเก็บในรูปแบบของไฟล์เอกสาร มีการจัดเก็บข้อมูลที่ซ้ําซ้อน ยากต่อการสืบค้นข้อมูล ดังนั้นจึงได้พัฒนาเว็บไซต์ ระบบจัดการ ฐานข้อมูลโรงพยาบาลลําทะเมนชัย เพื่อนําไปใช้ในการจัดการฐานข้อมูลโรงพยาบาลลําทะเมนชัย ในส่วนของ แผนกการเงิน แผนกบุคคล แผนกพัสดุและครุภัณฑ์ แผนกยา ให้กับโรงพยาบาล ลําทะเมนชัยให้ทันสมัยและเกิดความสะดวกในการใช้งานมากยิ่งขึ้น\r\nการจัดทําเว็บไซต์นั้นผู้จัดทําได้เลือกใช้ซอฟต์แวร์จัดการฐานข้อมูล MySQL ใช้ใน การจัดการฐานข้อมูล ใช้ภาษา PHP ในการเขียนเว็บไซต์ ใช้เทคโนโลยี Ajax, CSS เป็นการ ตกแต่งหน้าเว็บเพจเพื่อเติมความสวยงามให้แก่เว็บไซต์ เมื่อจัดทําเว็บไซต์ที่สามารถใช้งานได้จริง ทางผู้จัดทําได้ทําการสํารวจความพึงพอใจและทดสอบระบบจากผู้ใช้งานจริง คือ เจ้าหน้าที่ โรงพยาบาลลําทะเมนชัย\r\nโดยสํารวจจากเจ้าหน้าที่โรงพยาบาลลําทะเมนชัย จํานวน 17 คน จากการสํารวจความพึงพอใจ อยู่ในเกณฑ์ดี และการทดสอบระบบการใช้งานจํานวน 7 คน ระบบสามารถใช้งานได้ 97.89 % ซึ่งถือว่าใช้งานได้จริง\r\n', 'Lamtamainchai Hospital Database System', 'The project aims to develop a website of \"Lamtamainchai Hospital Database Management System\". Also collected in the form of documents. They store the redundant data. Difficult to search. Therefore, the development of the site. The management system serves four divisions which are finance, human resources, Supplies and equipments and Pharmacy.\r\nThe website was conducted by using PHP language. MySql was used to manage the database. Ajax language and CSS were used to modify the website.\r\nThe website was piloted by Lamtamainchai Hospital officers. The survey consisted of 17 officers. The results had been found that the users were satisfied the website in high level. System testing and deployment of 7 people to be. The website can serve the expected objective 97.89 %\r\n', 'ห้องสืบค้น'),
(0162, '2557', 01, 'รถรับ-ส่งพัสดุ เคลื่อนที่ตามแถบโลหะควบคุมด้วย Arduino Mega 2560 ', 'ปริญญานิพนธ์นี้เป็นการสร้างรถรับ-ส่งพัสดุ เคลื่อนที่ตามแถบโลหะควบคุมด้วย Arduino Mega 2560 ที่มีลักษณะเด่นคือ รับอินพุตจากอุปกรณ์ตรวจจับแถบโลหะขนาดหน้ากว้าง 125 ถึง 3 เซนติเมตร หนาไม่เกิน 1 มิลลิเมตร สามารถรับ-ส่งพัสดุได้จํานวน 6 จุด มีระบบ ตรวจสอบสิ่งกีดขวางด้วยคลื่นอัลตร้าโซนิค และมีเสียงแจ้งเตือนระยะ 50 เซนติเมตร สูงจาก พื้น 10 เซนติเมตร สามารถรองรับพัสดุที่มีน้ําหนักสูงสุด 5.5 กิโลกรัม และสามารถเชื่อมต่อ สั่งงานผ่านระบบเครือข่ายไร้สาย\r\n', 'An Automatic Guided Vehicle Moving on Metal Strips Controlled by Arduino Mega 2560', 'This study was conducted on an automatic guided vehicle moving on metal strips controlled by Arduino Mega 2560. The features of it are that: receiving input from a detector for searching of metal strips with the size of 1.25 to 3 centimeters wide and not more than 1 millimeter of thickness, enabling to deliver objects at 6 positions, having a system to detect barriers by an ultrasonic sensor and alarm system by beeping while any objects were detected at the distance of 50 centimeters and 10 centimeters high from the floor, it also carried objects\r\nat maximum load of 5.5 kilograms and connected for controllable via Wi-Fi.\r\n', 'ห้องสืบค้น'),
(0163, '2557', 01, 'ม่านน้ําไฮเทค ', 'ปริญญานิพนธ์เรื่อง ม่านน้ําไฮเทคมีจุดประสงค์เพื่อปรับปรุงรูปแบบการแสดงม่านน้ํา ตามสถานที่ต่าง ๆ ให้มีรูปแบบที่แปลกออกไปจากรูปแบบเดิม โดยใช้การสั่งงานด้วยระบบ ไมโครคอนโทลเลอร์ในการควบคุมโซลินอยด์วาล์ว โดยแยกระบบออกเป็น 2 ส่วน คือ ส่วนสําหรับประมวลผลภาพ (Image Processing) และส่วนการแสดงผลภาพด้วยฮาร์ดแวร์ โดยภาพที่สามารถแสดงได้นั้นสามารถแสดงได้ตั้งแต่ 1 พิกเซล ถึง 32 พิกเซล ในแนวแกน X และในแนวแกน Y นั้นสามารถแสดงได้ไม่จํากัด โดยโปรแกรมสามารถแสดงผลภาพต่อเนื่อง ผ่านเอสดีการ์ด (SD Card) และสามารถสร้างภาพขึ้นมาใหม่หรือนําเข้ารูปภาพอื่น ๆ ที่ไม่ได้ สร้างจากโปรแกรมได้ เช่น ไฟล์ภาพ JPG PNG BMP สําหรับขนาดของไฟล์ภาพที่จะเพิ่มเข้า มานั้นเมื่อนําเข้าสู่โปรแกรมแล้วโปรแกรมจะย่อรูปภาพโดยอัตโนมัติตามความเหมาะสมของ รูปภาพที่นําเข้ามา\r\nสําหรับการทดสอบการทํางานของชุดควบคุมระบบโซลินอยด์วาล์วนั้น สามารถทํางานได้ดี และเห็นภาพชัดที่สุดเมื่อมีระดับแรงดันน้ําที่ต่ํา เนื่องจากภาพน้ําตกที่ได้ตกลงมาถึงพื้นหรือ อ่างรองน้ํานั้นใช้ระยะเวลาที่นานกว่าภาพที่มีแรงดันน้ําที่สูง ทําให้สายตาของมนุษย์สามารถ มองเห็นเป็นภาพติดตาหรือรูปทรงได้ชัดเจนในขณะที่น้ําตกลงมา โดยม่านน้ําไฮเทคสามารถแสดง ภาพรูปทรงต่าง ๆ ทั้งรูปทรงเรขาคณิต รูปตัวอักษรภาษาไทยตัวอักษรภาษาอังกฤษ และรูปทรง ที่เป็นตัวเลขก็สามารถที่จะแสดงผลออกมาได้ชัดเจน\r\n', 'Hi-Tech Water Curtain', 'The objective of this research “Hi-Tech Water Curtain” is to improve the forms of Water Curtain Performance in different places to be an extraordinary patterns using the microcontroller in order to control solenoids valve by dividing the system into two parts image processing and displaying the pictures via hardware. The image can display 1 to 32 pixels in X axial and can display unlimitedly in Y axial. The program can display continuously using SD Card and can creat new image or imported other image that was not created by this program such as JPG PNG BMP. As for the size of added image files into the program, they will be reduced the size automatically as per suitability of imported image.\r\nThe result of testing shows that solenoid valve control system can operate well and most clearly if low water pressure because water fall scene falls to the ground or ditch it takes longer time than images with high water pressure. That makes the human\'s eyes see image or shap clear or while water falling. The Hi-Tech Water Curtain could be displayed various figures including geometry Thai letters, English Alphabets, and the shape of figure can be displayed clearly.\r\n', 'ห้องสืบค้น'),
(0164, '2557', 01, 'ชุดควบคุมรถเข็นคนพิการโดยใช้ Arduino', 'ปริญญานิพนธ์ ชุดควบคุมรถเข็นคนพิการโดยใช้ Arduino เป็นชุดควบคุมที่พัฒนามาจาก โครงงานชุดมอเตอร์ขับเคลื่อนรถเข็นพิการควบคุมด้วยจอยสติก ทางผู้จัดทําได้พัฒนาจากเดิม โดย ทําการเขียนโปรแกรมควบคุมรถเข็นให้เคลื่อนที่เป็นไปตามผู้ใช้สั่งงาน ด้วยไมโครคอนโทรลเลอร์ Arduino Mega 2560 เป็นชุดควบคุมการทํางานของจากจอยสติก ด้วยหลักการ Close Loop Control System ซึ่งสามารถควบคุมรถเข็นคนพิการให้เคลื่อนไปข้างหน้า ถอยหลัง เลี้ยวซ้าย และ เลี้ยวขวาได้ ตามทิศทางที่ผู้ใช้ต้องการ\r\n', 'Wheelchair Control by Using Arduino', 'Project control wheelchairs using an Arduino controller, developed from the project motor\r\npowered wheelchair with a joystick control disabled. The organizer can be developed from the\r\noriginal. By programming a mobile trolley according to user commands. With a microcontroller\r\nArduino Mega 2560 control of the joystick with the Close Loop Control System, which can\r\ncontrol the wheelchair to move forward, backward, turn left, turn right. The direction the user\r\nneeds\r\n', 'ห้องสืบค้น'),
(0165, '2557', 01, 'ชุดทดลองไมโครคอนโทรลเลอร์ AT89C2051', 'ปริญญานิพนธ์นี้มีวัตถุประสงค์ เพื่อออกแบบ และสร้างชุดทดลองไมโครคอนโทรลเลอร์ MCS เบอร์ AT89C2051 ที่ควบคุมได้ด้วยภาษาแอสเซมบลี สําหรับใช้ในการเรียนการสอน วิชา ไมโครคอนโทรลเลอร์ และผู้สนใจในการเรียนรู้ การควบคุมด้วยไมโครคอนโทรลเลอร์ ซึ่งชุด ทดลองประกอบด้วย 3 ส่วน\r\n1. ชุดทดลองไมโครคอนโทรเลอร์ 2. โปรแกรมภาษาแอสเซมบลี 3. คู่มือการทดลอง\r\nชุดทดลองไมโครคอนโทรลเลอร์ AT89C2051 นี้มีลักษณะ สามารถสร้างขึ้นมาเองได้ มีขนาด กะทัดรัด สะดวกในการทดลอง สามารถควบคุมด้วยภาษาแอสเซมบลี ได้อย่างครอบคลุมเต็ม ประสิทธิภาพ อีกทั้งยังสามารถทดลองการควบคุมด้วยอุปกรณ์ที่ออกแบบไว้ ได้อย่างสมบูรณ์ โดย ไม่ต้องเพิ่มเติมอุปกรณ์อื่นใด\r\n', 'Experiments Microcontroller AT89C2051', 'The objective of this study is to design and create an experimental set of microcontroller MCS AT89C2051 which I controlled by Assembly language. It will be used for teaching microcontroller subject and for learners who are interested in a controllable microcontroller The experiment it\'s consisting of 3 parts.\r\n1. The microcontroller experimental set.\r\n2. Assembly language programming.\r\n3. Have 10 sample manuals.\r\nThe microcontroller AT89C2051 can be created by everyone; it has a compact size and easy to do the experiment. It is easy to operate with outstanding performance by using Assembly language. This controller can be conducted with the designed experiments and it\'s easy to operate without additional equipment.\r\n', 'ห้องสืบค้น'),
(0166, '2557', 01, 'การแสดงผลแอลอีดีสามมิติแบบลูกบาศก์ 8-8-8', 'ปริญญานิพนธ์นี้มีวัตถุประสงค์ เพื่อสร้างและออกแบบการแสดงผลแอลอีดีสามมิติแบบ ลูกบาศก์ 8-8-8 โดยใช้หลอดแอลอีดีสามสีในหนึ่งหลอด ซึ่งจะมีระยะห่างของหลอดแอลอีดีที่ 2.5 เซ็นติเมตร ในการแสดงผลใช้ไมโครคอนโทรลเลอร์บอร์ดอาดูโนเมก้า 2560 เป็นตัวควบคุม การแสดงผลต่าง ๆ มีคุณลักษณะการแสดงผลได้ดังนี้ สามารถแสดงผลในรูปแบบตัวอักษร ภาษาไทย ภาษาอังกฤษ ตัวเลขรูปทรงเรขาคณิตต่าง ๆ และกราฟฟิกต่าง ๆ ได้\r\n', 'Display Cube 3D LED 8*8*8', 'The purposes of this project is to design and build Display Cube 3D LED 8x8x8. Three colors in one LED bulb which have spacing between each bulb at 2.5 centimeters is used in this project. Moreover, microcontroller board arduino mega 2560 can be used as controller in various displaying as follows: displaying as thai and english characters, figures, geometric forms and graphics.\r\n', 'ห้องสืบค้น'),
(0167, '2557', 01, 'ระบบตรวจสอบการเข้าเรียนของนักศึกษาผ่านเครือข่าย ZigBee โดย การสแกนลายนิ้วมือ', 'ปริญญานิพนธ์ฉบับนี้ได้สร้างระบบตรวจสอบการเข้าเรียนของนักศึกษาผ่านเครือข่าย ZigBee โดยการสแกนลายนิ้วมือ ประกอบด้วย 2 ส่วน ได้แก่ ส่วนของเครื่องสแกนลายนิ้วมือ ร่วมด้วยกับการส่งข้อมูลผ่านเครือข่ายไร้สาย ZigBee ทํางานร่วมกับไมโครคอนโทรลเลอร์ เพื่อประมวลผล และส่งข้อมูลไปยังเครื่องคอมพิวเตอร์เพื่อรวบรวมข้อมูลในการจัดเก็บ เพื่อระบุ\r\nตัวตนของผู้สแกนลายนิ้วมือ เช่น ชื่อ-นามสกุล รหัสนักศึกษา รายวิชา และเวลาที่ทําการลงชื่อ เข้าเรียน เป็นต้น\r\nปริญญานิพนธ์สามารถแก้ปัญหาการเช็คชื่อนักศึกษาที่ใช้ระยะเวลานาน และการปลอมแปลง ลายเซ็นในการเช็คชื่อ ระบบนั้นสามารถเก็บข้อมูลการเข้าเรียนของนักศึกษา แต่ละรายวิชา สามารถพิมพ์ใบเซ็นชื่อเข้าห้องสอบ สามารถเช็คมาสายได้ ไม่เกิน 30 นาที สามารถประมวลผล คะแนนจิตพิสัยของนักศึกษาทุกคน และสามารถแสดงรายงานการหมดสิทธิ์สอบของนักศึกษาได้\r\nม\r\n', 'Automated Fingerprint Identification System For Check Student\r\n', 'This dissertation was created inspection system of the student enroll via ZigBee network by finger print scanning. That featured for 2 parts such as finger printing machinery operate with data output via wireless network of ZigBee cooperated with microcontroller to analyze the results. And sending to the computer for collected that data in filling system to identifying of the finger print such as name, surname, student code, subjects and sign up time attend class.\r\nThe dissertation could solved the problem of checking list name of the students that used long period and signature falsification. System of the student enroll via ZigBee network could collect attend to the class of the students each subjects. That could print out signed list of the examination room. Could checking absent not less than 30 minutes. The automated fingerprint indemnification system for check student class via ZigBee. Could evaluate affective domain of all students and could provide miss examination list of the student.\r\n', 'ห้องสืบค้น'),
(0168, '2557', 01, 'การคงอยู่ของการเห็นการแสดงภาพทรงกลมด้วยบอร์ด Arduino', 'โครงงาน การคงอยู่ของการเห็นการแสดงภาพทรงกลมด้วยบอร์ด Arduino ประกอบด้วย 3 ส่วน คือ ชุดการแสดงผลหลอดแอลอีดีอาร์จีบี โปรแกรมควบคุมการแสดงผล และโปรแกรม ติดต่อกับผู้ใช้งาน การทํางานจะเริ่มจากการรับข้อมูลที่ต้องการเข้ามาโดยผ่านโปรแกรมติดต่อกับ ผู้ใช้งาน แล้วทําการส่งข้อมูลไปประมวลผลยังบอร์ด Arduino โดยโปรแกรมควบคุมการแสดงผล จะทําการแปลงข้อมูลส่งไปแสดงผลยังชุดแสดงผลหลอดแอลอีดีแบบอาร์จีบี มีลักษณะเด่นคือ ใน ส่วนของแสดงผลภาพสามารถแสดงรูปภาพ แสดงผลได้ 16 ล้านสี มีความละเอียดขนาด 64-200 พิกเซล ในส่วนของแสดงผลข้อความตัวอักษรสามารถแสดงผลข้อความตัวอักษร วันที่ และเวลา แสดงผลได้ 16 ล้านสี มีความละเอียดขนาด 24x200 พิกเซล สามารถเปลี่ยนสีการแสดงผล ได้ และสามารถส่งข้อมูลไปเก็บใน SD Card โดยไม่ต้องหยุดผ่านโปรแกรมผู้ใช้งาน\r\n', 'A Controllable Persistence of Vision Spherical Display Employing Arduino', 'The project on a controllable persistence of vision spherical display employing Arduino, consisted of 3 parts; LED RGB Display set, display control software and user interface software. This system test was first conducted by receiving input data via user interface software, then transmitting data to process with the Arduino, then data was transformed by display control software and then finally sent to a display on the LED RGB Display set. The featured project had its advantages as follows; the picture display could display in 16 megapixels with resolution of 64x200 pixels, the text display could display texts in the form of the alphabet, the date and time could display in 16 megapixels with resolution of 24x200 pixels and with changeable colors could send data to be stored on a SD Card without any interruption of the user interface software.\r\n', 'ห้องสืบค้น'),
(0169, '2557', 01, 'เฮลิคอปเตอร์สํารวจ 4 ใบพัด ทรงตัวรักษาตําแหน่งอัตโนมัติด้วย GPS', 'ปริญญานิพนธ์เฮลิคอปเตอร์สํารวจ 4 ใบพัด ทรงตัวรักษาตําแหน่งอัตโนมัติด้วย GPS นี้ ได้ ออกแบบโครงสร้างของตัวลําเฮลิคอปเตอร์ให้มีลักษณะเป็นตัว X มีแขนทั้งหมด 4 แขน แต่ละแขน มีความยาว 29 เซนติเมตร ส่วนของปลายแขนติดกับมอเตอร์และใบพัด ซึ่งใบพัดมีขนาด 10x4.5\"\r\nเฮลิคอปเตอร์สํารวจ 4 ใบพัด ทรงตัวรักษาตําแหน่งอัตโนมัติด้วย GPS นี้สามารถควบคุม การบินผ่านรีโมทคอนโทรลท มีเพดานบินในระยะความสูง 20 เมตรขึ้นไป แบตเตอรี่ที่ใช้สามารถ ทําให้เฮลิคอปเตอร์บินได้ประมาณ 7 นาที ตัวเครื่องสามารถทํางานโดยอัตโนมัติได้ 2 โหมดซึ่งใช้ โมดูล GPS ในการระบุตําแหน่ง คือโหมดลอยนึ่งรักษาตําแหน่ง และโหมดบินกลับมายังตําแหน่ง เริ่มต้น นอกจากนี้ตัวเฮลิคอปเตอร์ 4 ใบพัดยังติดกล้องไว้เพื่อส่งสัญญาณภาพวีดีโอทางอากาศมา แสดงยังจอมอนิเตอร์ในภาคพื้นดิน โดยระยะในการส่งสัญญานภาพนั้นไม่เกิน 15 เมตร\r\nจากผลการทดสอบเฮลิคอปเตอร์สํารวจ 4 ใบพัด ทรงตัวรักษาตําแหน่งอัตโนมัติด้วย GPS สามารถบินโดยผ่านการควบจากรีโมทคอนโทรลได้ พร้อมทั้งส่งสัญญาณภาพมายังมอนิเตอร์ ภาคพื้นดินได้ และสามารถบินในโหมดอัตโนมัติได้ทั้ง 2 โหมด\r\n', 'A 4 Propellers Explored Helicopter with Automatic Balance and GPS Location Controlling ', 'This thesis is to develop a 4 propellers explored helicopter with automatic balance and Global Positioning System (GPS) location controlling. Each propeller size is 10 x 4.5\" It is fixed at the end of an arm which is 29 cm. long.\r\nThe explored helicopter is controlled by a remote control. The absolute ceiling is over 20 meters. Capacity of the battery used in this thesis is 7 minutes for a flight. There are 2 modes for the GPS location controlling; GPS position hold and GPS return home. There is a camera transferring video signals to present on a ground monitor. The signal transmission distance is 15 meters.\r\nThe experimental results have shown that the 4 propellers explored helicopter can maintain its stable flight through the remote controlling with the video signal transferring to the monitor on the ground. The two GPS modes also work accurately.\r\n', 'ห้องสืบค้น');
INSERT INTO `thesis` (`ThesisID`, `Thesis_Year`, `Category`, `Title_Th`, `Abstract_Th`, `Title_En`, `Abstract_En`, `LocationCollection`) VALUES
(0170, '2557', 01, 'ควบคุมแขนกลหุ่นยนต์โดยตรวจจับการเคลื่อนไหวของมนุษย์ผ่าน ไมโครซอฟท์คิเนตต์ ', 'การควบคุมแขนกลหุ่นยนต์โดยตรวจจับการเคลื่อนไหวของมนุษย์ผ่านไมโครซอฟท์คิเนอร์ ประกอบด้วยกล้องไมโครซอฟท์คเนคต์ และแขนกลหุ่นยนต์ซึ่งมีเซอร์โวมอเตอร์ทั้งหมด 6 ตัว โดยกล้องไมโครซอฟท์คิเนคต์ทําหน้าที่ตรวจจับการเคลื่อนไหวของมนุษย์ เพื่อส่งค่าที่ ได้ในแนวพิกัด X, Y, 1 ให้กับคอมพิวเตอร์เพื่อทําการแปลงค่าที่ได้เป็นโครงกระดูกทั้งหมด 20 จุด โดยส่งเฉพาะค่ามุมในแต่ละจุดของแขนขวา ที่ได้จากการคํานวณไปยังบอร์ดอาดูโนเพื่อ ส่งคําสั่งให้เซอร์โวมอเตอร์หมุนตามพิกัดที่ต้องการ\r\nจากการทดลองการควบคุมแขนกลหุ่นยนต์โดยตรวจจับการเคลื่อนไหวของมนุษย์ผ่าน ไมโครซอฟท์คิเนคต์ทั้งหมด 8 ท่า 2 สภาพการ คือบริเวณในห้องเรียนที่ไม่มีแสงภายนอก รบกวนและบริเวณที่โล่งแจ้งใต้อาคารมีผู้ทดลองแบ่งเป็น 5 คน ทั้ง 2 สภาพการทําการทดลอง ในระยะ 1 เมตร 2 เมตร และ 3 เมตร สรุปได้ว่าการทดลองในห้องเรียนที่ไม่มีแสงภายนอก รบกวนมีประสิทธิภาพในการสั่งงานมากกว่าเมื่อเปรียบเทียบกับบริเวณที่โล่งแจ้ง และระยะที่มี ประสิทธิ์มากที่สุดคือ 2.8 เมตร ในความเข้มของแสงสว่างที่ 138 ลักซ์\r\n', 'A Controllable Robot Arm Used Microsoft Kinect for Detecting Human Movement', 'A study of robot\'s arms control by detecting human movement via Microsoft Kinect composed of a Microsoft Kinect camera and a robot arm that has 6 Servo motors. A Microsoft Kinect camera detected human movement and then sent the coordinates of X, Y and Z to computer which finally transformed all data to 20 points of skeleton. The angle in each point of only right arm will be calculated and sent to Arduino board. Finally, it sent the command Servo motors to rotate to the required coordinates.\r\nThe experiment of robot\'s arms control by detecting human movement via Microsoft Kinect has eight positions in two conditions where are in the class room without the external lighting disturb, and the opening area under the building. There are 5 demonstrators in different distances of 1 meter, 2 meters and 3 meters. The result of this experiment showed that the effectiveness of classroom without external light interference is better than operated with the opening air area under the building. The most effective distance is 2.8 meters and the illuminance is at 138 lux.\r\n', 'ห้องสืบค้น'),
(0171, '2557', 01, 'ระบบควบคุมเครื่องใช้ไฟฟ้าภายในบ้านผ่านระบบบัส RS-485 ', 'ปริญญานิพนธ์นี้ได้มีวัตถุประสงค์ออกแบบและสร้างระบบควบคุมเครื่องใช้ไฟฟ้าภายใน บ้านผ่านระบบบัส RS-485 จึงได้ออกแบบโดยประยุกต์ไอซีเบอร์ SN75176 เพื่อรับส่งข้อมูลผ่าน ระบบบัส RS-485 ทํางานร่วมกับไมโครคอนโทรลเลอร์ 18F452 เป็นตัวควบคุมหลักและ ไมโครคอนโทรลเลอร์ 16F648A เป็นตัวควบคุมลูกข่าย เพื่อควบคุมเครื่องใช้ไฟฟ้าภายในบ้านโดย เริ่มจากตัวควบคุมหลักทําการประมวลผลและส่งคําสั่งควบคุมเครื่องใช้ไฟฟ้าผ่านระบบบัส RS-485 ไปยังตัวควบคุมลูกข่าย เพื่อทําการเปิดและปิดเครื่องใช้ไฟฟ้า\r\nจากการทดลองใช้ตัวควบคุมหลัก 1 ตัว และตัวควบคุมลูกข่าย 6 ตัว พบว่าสามารถควบคุม เครื่องใช้ไฟฟ้า และตรวจสอบสถานะการทํางานได้อย่างถูกต้อง โดยระบบสามารถควบคุมลูกข่าย ได้สูงสุด 32 ตัว สามารถควบคุมได้ไกลสูงสุด 1.2 กิโลเมตร\r\n', 'Home Automation System Via RS-485 Communication ', 'In this thesis, the objective of this project is to design and built a control a system of\r\nhome appliances via communication RS-485 system by applying IC #SN75176 for data\r\ntransfer via communication RS-485 works with microcontroller 18F452 to be master control\r\nand microcontroller 16F648A to be slave, in order to control home appliances. Started from\r\nmaster, it evaluate and sent command control to electrical equipment via communication\r\nRS-485 system into slave to turn on and off for electrical equipment.\r\nThe result of testing 1 master and 6 slaves found that it enable to control electrical\r\nequipment and check the status correctly. The system enables to control up to 32 slaves with\r\nthe limit length up to 1.2 kilometers.\r\n', 'ห้องสืบค้น'),
(0191, '2558', 02, 'โปรแกรมตรวจสอบระดับความสุกของกล้วยด้วยระบบปฏิบัติ การแอนดรอยด์ ', 'กล้วย มีสรรพคุณทางยามากมาย โดยบุคคลทั่วไปอาจไม่ทราบถึงสรรพคุณทางยาของกล้วย การแยกสรรพคุณทางยาของกล้วยจะต้องแยกจากระดับความสุกของกล้วย ซึ่งบางบุคคลอาจไม่ สามารถแยกระดับสีที่มีความคล้ายคลึงกันได้อย่างถูกต้อง\r\nจากที่กล่าวมาข้างต้น จึงได้จัดทําโปรแกรมตรวจสอบระดับความสุกของกล้วยด้วย ระบบปฏิบัติการแอนดรอยด์ เพื่อให้ผู้ใช้งานทั่วไป รวมทั้งผู้ใช้งานที่ไม่สามารถแยกระดับสีที่มี ความคล้ายคลึงกัน ให้สามารถคัดแยกสีได้อย่างถูกต้อง และทราบถึงสรรพคุณทางยาของกล้วย แต่ละวัย เช่น กล้วยดิบช่วยแก้โรคกระเพาะ กล้วยห่าม ให้ผลดีกับผู้มีอาการท้องเสีย เป็นต้น\r\nเมื่อพัฒนาระบบให้ใช้งานได้จริงแล้ว ทางผู้จัดทําได้ทดสอบประสิทธิภาพการใช้งานของ ระบบจํานวน 100 ครั้ง พบว่าระบบสามารถทํางานได้ร้อยละ 96 เปอร์เซ็นต์ และจากการ สํารวจความพึงพอใจของผู้ใช้งานจํานวน 20 คน พบว่าความพึงพอใจอยู่ในเกณฑ์ดี\r\nคําสําคัญ : กล้วย ระบบปฏิบัติการแอนดรอยด์\r\n', 'Program Check Color of Banana on Android', 'Bananas have many medicinal properties which people do not know. Their properties will be classified by the color of a banana\'s ripeness that some people may not be able to define from the quite similar colors of ripen bananas.\r\nBased on the above mentioned, the manipulators created a program that used to check the color of a banana ripeness with Android operation for general users and the people who cannot distinguish a ripeness of banana. Moreover, people will be known the medicinal properties of bananas in different ages for example a raw banana can heal a stomachache; an unripe bananas relieves a diarrhea.\r\nAfter the system development, the manipulators did 100 - performance testing and found that this system can work at 96 percent, and 20 users showed their satisfaction in a good criterion.\r\nKeywords: Banana , Android Operating System\r\n', 'ห้องสืบค้น'),
(0192, '2558', 02, 'การเพิ่มประสิทธิภาพของโปรแกรมตรวจรหัสภาษาจาวาภาคปฏิบัติ', 'เดิม โปรแกรมตรวจรหัสภาษาจาวาภาคปฏิบัติที่นํามาใช้ในการสอบเขียนโปรแกรม มีข้อจํากัดในเรื่องความเร็ว ฟังก์ชันและกระบวนการในการตรวจสอบข้อสอบการเขียนโปรแกรม เชิงวัตถุ การจัดลําดับการตรวจ และการตรวจสอบซอร์สโค้ด ทําให้การดําเนินการสอบไม่ ครอบคลุมตามคุณสมบัติของการเขียนโปรแกรมเชิงวัตถุ\r\nปริญญานิพนธ์ฉบับนี้จัดทําขึ้นเพื่อเพิ่มประสิทธิภาพของโปรแกรมตรวจรหัสภาษาจาวา ภาคปฏิบัติ เพื่อให้รองรับการสอบเขียนโปรแกรมเชิงวัตถุ ตรวจสอบซอร์สโค้ดก่อนนํามาตรวจ เพิ่มการจํากัดเครือข่ายของผู้เข้าสอบ และเพิ่มระบบจัดการกลุ่มการเรียนให้กับโปรแกรม ฯลฯ\r\nเมื่อดําเนินการเพิ่มประสิทธิภาพของโปรแกรมแล้ว ผู้จัดทําได้ทดสอบประสิทธิภาพการ ทํางานของโปรแกรม จํานวน 100 ครั้ง โปรแกรมสามารถทํางานได้ร้อยละ 76.29 และการสํารวจ ความพึงพอใจจากนักศึกษาจํานวน 32 คน ที่ลงทะเบียนเรียนในภาคการศึกษาที่ 1 ปีการศึกษา 2558 โดยความพึงพอใจอยู่ในเกณฑ์ดี ซึ่งจากผลการทดสอบยังแสดงให้เห็นว่าโปรแกรมมีประสิทธิภาพ เพิ่มขึ้นจริง\r\nคําสําคัญ : การเพิ่มประสิทธิภาพของโปรแกรม\r\n', 'The Performance Improvement of the Software for Test Java Code Practice', 'There were some limitations on the original java programing language code checking program in terms of speed, functions and processes in checking the answer for object-oriented programming writing test. The order of marking and source code verifying were also the obstacles on java program writing examination. These might fail to meet the examination objectives.\r\nThe project objective was to improve the efficiency of the java programing language code checking program for supporting the examination on object-oriented programming writing, source code verification before marking, broadening network identification for test takers, and managing the learning group system, etc.\r\nAfter improving the program, the researcher tested the system efficiency for 100 times and it ran smoothly at 76.29%. Also, the result of a satisfaction survey of 32 university students, taking course in the academic term 1/2015, showed a high degree of satisfaction on the program. Based on the results, it can be concluded that the improved program worked effectively.\r\nKeywords: Performance Improvement of the Software\r\n', 'ห้องสืบค้น'),
(0193, '2558', 02, 'โปรแกรมควบคุม รถรับ-ส่งพัสดุ เคลื่อนที่ตามแถบโลหะควบคุม ด้วย Arduino Mega 2560', 'ปริญญานิพนธ์นี้เป็นการพัฒนาโปรแกรมที่ใช้งานบนเว็บเบราว์เซอร์ เพื่อสั่งงาน NodeMCU Development Kit V1.0 ให้ทํางานร่วมกับ รถรับ-ส่งพัสดุ เคลื่อนที่ตามแถบโลหะ ควบคุมด้วย Arduino Mega 2560 โดยควบคุมการทํางานได้ทั้งคอมพิวเตอร์และสมาร์ทโฟน สั่งงานได้ทั้งหมด 6 สถานี\r\nคําสําคัญ : NodeMCU Development Kit V1.0, Arduino Mega 2560, AGV\r\n', 'Program Control an Automatic Guided Vehicle Moving on Metal Strips Controlled by Arduino Mega 2560', 'This study was to develop the program used on a web browser to command NodeMCU Development Kit V1.0 operating with an automotive guided vehicle moving on metal strips controlled by Arduino Mega 2560. It could be controlled by both computer and smart phone and it could be commanded in 6 stations.\r\nKeyword : NodeMCU Development Kit V1.0, Arduino Mega 2560, AGV\r\n', 'ห้องสืบค้น'),
(0194, '2558', 01, 'ชุดควบคุมความเร็วมอเตอร์ ดีซี แบบอนุกรม และแบบขนานที่ สามารถโปรแกรมได้', 'ปริญญานิพนธ์นี้เป็นการสร้างชุดควบคุมความเร็วมอเตอร์ ดีซี แบบอนุกรม และแบบ ขนานที่สามารถโปรแกรมได้ ที่มีลักษณะเด่นคือ สามารถนําไปใช้งานได้กับแหล่งจ่ายไฟฟ้า กระแสตรงขนาด 24 V, 36 V และ 48 V มีวงจรการป้องกันอุณหภูมิและกระแสไฟฟ้าเกิน ภาคขับกําลังรองรับกระแสไฟฟ้าในการใช้งานได้สูงสุด 200 A ใช้โปรแกรมคอมพิวเตอร์ปรับ ความถี่ PWM ตั้งแต่ 1-20 KHz Duty Cycle 0-90%\r\nคําสําคัญ : ชุดควบคุมความเร็วมอเตอร์ ดีซี แบบอนุกรมและแบบขนาน\r\n', 'A Development Programmable DC Motor Controllable Series and Shunt ', 'The aims of the project were to development programmable DC motor controllable series and shunt. Their prominent characteristics were to use for certain Power Supply Direct Current; 24 V, 36 V and 48 V. There were temperature protection and there was over current protection. This developed can adjust Pulse Width Modulation frequency value from 1-20 KHz duty cycle 0-90% by using computer program\r\nKeywords : DC motor series and shunt\r\n', 'ห้องสืบค้น'),
(0195, '2558', 02, 'แอปพลิเคชันแนะนํามหาวิทยาลัยเทคโนโลยีราชมงคลอีสาน (ศูนย์กลางนครราชสีมา) บนระบบปฏิบัติการแอนดรอยด์ ', 'ปริญญานิพนธ์นี้จัดทําขึ้นมีวัตถุประสงค์เพื่อพัฒนาแอปพลิเคชันแนะนํามหาวิทยาลัย เทคโนโลยีราชมงคลอีสาน (ศูนย์กลางนครราชสีมา) บนระบบปฏิบัติการแอนดรอยด์ โดยนําเอา แผนที่กูเกิลมาประยุกต์ใช้ในการแสดงตําแหน่งอาคาร และสถานที่ภายใน มทร.อีสาน (ศูนย์กลาง นครราชสีมา)\r\nซึ่งผู้จัดทําได้ศึกษาทฤษฎีเกี่ยวกับแผนที่กูเกิล (Google) การใช้งานฐานข้อมูล และการ ดึงฟีดข้อมูลข่าวสารต่าง ๆ จากเว็บไซต์ มทร.อีสาน (ศูนย์กลางนครราชสีมา) มาแสดงบน แอปพลิเคชัน โดยแบ่งระบบงานออกเป็นสองส่วนคือ 1) แอปพลิเคชันบนโทรศัพท์ 2) โปรแกรม จัดการฐานข้อมูล\r\nจากผลการดําเนินงานปริญญานิพนธ์แอปพลิเคชันแนะนํามหาวิทยาลัยเทคโนโลยีราชมงคล อีสาน (ศูนย์กลางนครราชสีมา) บนระบบปฏิบัติการแอนดรอยด์ ทําให้เกิดความสะดวกรวดเร็ว ในการแสดงข้อมูลข่าวสาร และค้นหาตําแหน่งสถานที่ต่าง ๆ ภายในมหาวิทยาลัย ตอบสนองการ ใช้ชีวิตของนักศึกษา บุคคลทั่วไป และได้ทําการทดสอบโดยใช้แบบสอบถามวัดความพึงพอใจ ของผู้ใช้งาน ซึ่งผลออกมาอยู่ในระดับดีมาก\r\nคําสําคัญ : แอปพลิเคชัน ระบบปฏิบัติการแอนดรอยด์ มทร.อีสาน\r\n', 'An Android Application for Introducing Rajamangala University\r\nof Technology Isan \r\n', 'This project aimed to develop an application on the Android operating system to introduce the website of Rajamangala University of Technology Isan (RMUTI), Nakhon Ratchasima campus. Google map was applied as a major tool for locating the buildings in the university.\r\nThe theories related to the application of Google Map, and the use of database and\r\ninformation on RMUTI (Main campus)\'s website to show on mobile device were reviewed. This project included two phases 1) Application on smartphones 2) Database management\r\nprogram.\r\nBased on the results, the developed application gave great advantages in presenting information of the university\'s website and searching for building location. In addition, this application fitted into students\' and general public\'s lifestyle. The result of the user satisfaction survey was in a great level.\r\nKeywords : Application, Android Operating System, RMUTI\r\n', 'ห้องสืบค้น'),
(0196, '2558', 02, 'โปรแกรมสรุปงบประมาณและการเงิน สํานักวิทยบริการและเทคโนโลยีสารสนเทศ มทร.อีสาน', 'จากการดําเนินการด้านการเงินและงบประมาณในสํานักวิทยบริการและเทคโนโลยี สารสนเทศ มทร.อีสาน ซึ่งในแต่ละรอบเวลาการปฏิบัติงานจะมีการคํานวณ การทํารายงานด้าน การเงินและงบประมาณ และการแสดงรายงานมากมาย ซึ่งขบวนการนี้ต้องใช้เวลา มีปัญหาที่เกิด จากการซ้ําซ้อนของการของการคํานวณ และความยุ่งยากในการจัดทํารายงานมาก\r\nจากปัญหาดังกล่าวผู้จัดทําโครงงานจึงได้จัดทําโปรแกรมสรุปงบประมาณและการเงิน สํานักวิทยบริการและเทคโนโลยีสารสนเทศ มทร.อีสาน โดยมีการนําเข้าข้อมูลที่ได้รับจากการ จัดสรรงบประมาณ จัดให้อยู่ในรูปแบบของฐานข้อมูล คํานวณเกี่ยวกับการจัดการงบประมาณ รายงานผลแต่ละไตรมาสทั้งที่เป็นไตรมาสของปีปัจจุบัน และในแต่ละปีที่ผ่านมา มีการกําหนด สิทธิ์การเข้าถึงฐานข้อมูล\r\nจากการทดสอบการทํางานของระบบ พบว่า ช่วยลดการซ้ําซ้อนในการคํานวณงบ ประมาณ การจัดการงบประมาณทําได้รวดเร็วขึ้น ช่วยลดความยุ่งยากในการรายงาน ลด ข้อผิดพลาดจากการคํานวณ ผู้ใช้ประเมินความพึงใจการใช้โปรแกรมอยู่ที่ 95 96 เปอร์เซ็นต์ การแปรผลอยู่ในเกณฑ์ที่ดีมาก\r\nคําสําคัญ : ฐานข้อมูล รายงาน สารสนเทศ สรุปงบประมาณและการเงิน\r\n', 'Project Report Advisor Department Academic Year', 'The processes of the financial and budget management in the Academic Resources and Information Technology at Rajamangala University of Technology Isan (OARIT) are complicated and time-consuming. They consist of collecting, recording, and reporting financial and budget data of all the projects in the organization. These processes were time-consuming. Mistakes and redundancies could occur because of the high amount of data.\r\nTherefore the project was conducted an online program of the financial and budget management for OARIT. The program can import all the financial information in the databases, then calculate, and report results from both recent and previous quarters, including\r\ncan be set for the data access permission.\r\nThe results of the program testing have shown that the onlineFinancial and Budget Program for Academic Resources and Information Technology Rajamangala University of Technology Isan  program can reduce time-consuming and mistakes from duplicated calculation. The reporting is more convenient. The user\'s\' satisfaction rate is very good (95.96 %).\r\nKeyword : Database, Report, Information, Financial and Budget\r\n', 'ห้องสืบค้น'),
(0197, '2558', 01, 'รถสองล้อแบบรักษาสมดุล ', 'ปริญญานิพนธ์นี้ได้ออกแบบสร้างรถสองล้อรักษาสมดุลแบบยืนขับ ขับเคลื่อนด้วยมอเตอร์ ไฟฟ้ากระแสตรงโดยใช้แบตเตอรี่ 24 V ขนาด 12 Ah การเคลื่อนที่ของรถเกิดจากการวัด ความเร็วเชิงมุมร่วมกับการวัดความเอียง ซึ่งประมวลผลด้วยไมโครคอนโทรลเลอร์ด้วยหลักการ กรองคาลมานในการประมาณค่าเป็นสัญญาณ ในการขับเคลื่อนการทํางานของมอเตอร์ให้เกิดการ เคลื่อนที่ตามลักษณะและทิศทางการบังคับ เพื่อให้ผู้ขึ้นยืนบนรถสองล้อรักษาสมดุลอยู่ได้ จากการทดลองสามารถเคลื่อนที่ได้ด้วยความเร็วสูงสุด 9 Km/h ที่ความลาดชันไม่เกิน 3 องศา ที่น้ําหนักผู้ขับขี่ 80 Kg\r\nคําสําคัญ : รถสองล้อแบบรักษาสมดุล วัดความเร็วเชิงมุม วัดความเอียง ตัวกรองคาลมาน\r\n', 'Wheel Balancing', 'This thesis was designed for creation two-wheel balancing vehicle for standing and movement by electric motor with battery 24 V 12 Ah. Power source. The movement of the vehicle caused by the measurement of angular velocity and the inclination measurement. In the process, the device is controlled by microcontroller with the Kalman filter to estimate the signal to drive the motor to move in the directional control and keep standing up balance on the platform. In vehicle of the motor working control for movement speed in 9 Km/h and slope is not over 8 degree and the rider weight 80 Kg\r\nKeywords: Wheel Balancing, Accelerometer, Gyroscope, KalmanFilter.\r\n', 'ห้องสืบค้น'),
(0198, '2558', 01, 'เครื่องช่วยสอนอักษรเบรลล์สําหรับผู้พิการทางสายตา', 'ปริญญานิพนธ์ฉบับนี้ได้สร้างเครื่องช่วยสอนอักษรเบรลล์สําหรับผู้พิการทางสายตา หลักการทํางานของเครื่องช่วยสอนอักษรเบรลล์ โดยใช้ไมโครคอนโทรลเลอลอร์สั่งงาน ให้เปล่ง เสียงเป็นอักขระต่าง ๆ จากนั้นสั่งงานเซอร์โว มอเตอร์เป็นตัวผลักให้ปุ่มอักษรเบรลล์ขึ้นลง เมื่อมี การกดปุ่มอักษรลิมิตสวิตช์จะทํางาน เพื่อให้ปุ่มอักษรเบรลล์กลับขึ้นไปอยู่ตําแหน่งเดิม การใช้งาน ของเครื่องช่วยสอนอักษรเบรลล์มี 2 โหมด คือ โหมดบทเรียน และโหมดปรับเสียง โหมดบทเรียน มีบทเรียนทั้งหมด 6 บทเรียน ได้แก่ โหมดบทเรียนภาษาอังกฤษ ภาษาไทย สระไทย วรรณยุกต์ไทย ตัวเลข และอักษรพิเศษ ส่วนโหมดปรับระดับเสียง สามารถปรับระดับเสียงได้ทั้งหมด 7 ระดับ\r\nคําสําคัญ : อักษรเบรลล์ ไมโครคอนโทรลเลอร์ เซอร์โว มอเตอร์ ลิมิตสวิตช์\r\n', 'Braille Learning for Visually Impaired Persons', 'This dissertation developed the Braille learning for visually impaired persons. Operating principle of the Braille learning is as the following. A microcontroller controls a MP3 shield board to voice different characters and commands a servo motor to push the braille buttons up and down. When a button is pressed the limit switch will be activated, and the Braille button will return back to the original position. The Braille learning has 2 modes which are tutorials mode and volume setup mode. The tutorials mode contains 6 lessons including English language, Thai language, Thai vowel, Thai intonation, number, and special characters. Finally, The volume setup mode can control up to 7 volume levels.\r\nKeywords: Braille, Microcontroller, Servo Motor, MP3 Shield board, Limit switch\r\n', 'ห้องสืบค้น'),
(0199, '2558', 02, 'ระบบจัดการงานกิจกรรม ฝ่ายพัฒนากิจการนักศึกษาของสถานศึกษา ในสังกัดสํานักงานคณะกรรมการการอาชีวศึกษา', 'จากกรณีศึกษากระบวนการจัดการ และประเมินผลกิจกรรมนักศึกษา ที่วิทยาลัยเทคนิค กันทรลักษ์ สถานศึกษาในสังกัดสํานักงานคณะกรรมการการอาชีวศึกษา มีการดําเนินการโดย เจ้าหน้าที่งานกิจกรรมจะเป็นผู้รวบรวมข้อมูลการดําเนินการ การเข้าร่วมกิจกรรม การประเมินผล ของนักศึกษาทุกคน และรายงานผลในปลายภาคเรียนโดยการใช้เอกสาร ทําให้การตรวจสอบและ สืบค้นข้อมูลย้อนหลังมีขั้นตอนมากและไม่สะดวกในการดําเนินงาน\r\nจากปัญหาดังกล่าวจึงได้จัดทําระบบจัดการงานกิจกรรม ฝ่ายพัฒนากิจการนักศึกษาของ สถานศึกษาในสังกัดสํานักงานคณะกรรมการการอาชีวศึกษาขึ้น เพื่อให้กระบวนการทํางานของ ระบบงานกิจกรรมมีความสะดวกและคล่องตัวมากขึ้น โดยระบบสามารถบันทึกข้อมูลการดําเนิน การ การติดตามผล แสดงสถิติการเข้าร่วมแต่ละภาคเรียน และเป็นการนําเสนอข้อมูลแบบเป็น ปัจจุบันเสมอ\r\nจากผลการทดสอบการทํางานของระบบแสดงว่า การทํางานของระบบถูกต้องตามขอบเขต ความต้องการของผู้ใช้งาน 90.96 เปอร์เซ็นต์ ความพึงใจของผู้ใช้งานระบบมีค่าเฉลี่ย 4.77 ค่า เบี่ยงเบนมาตรฐาน 0.43 ซึ่งแสดงค่าแปรผันอยู่ในเกณฑ์ดีมาก โดยวัดจากระดับความพึงพอใจ ของผู้ใช้งานระบบ 5 ระดับ\r\nคําสําคัญ : งานกิจกรรม รายงาน สถิติ\r\n', 'Student Activity Management System of College Vocational Education Commission \r\n', 'Due to the case study on student activities evaluation processes at Kantharalak\r\nTechnical College, most of the evaluation processes were presented and collected on paper-based documents. The evaluation processes consist of collecting, recording, and reporting data of every students in each semester. These processes were timeconsuming and inconvenient for managing and searching the data.\r\nTherefore the project was conducted an online system for the evaluation of student activities at Kantharalak Technical College. The online system can record all every step of the evaluation processes and report the information in real time.\r\nThe results of the program testing have shown that the system operated effectively and meet the staffs\' requirements. The percentage of the system accuracy is 90.96 %. The users\' satisfaction rate is very good (X = 4.77 from 5, SD = 0.43).\r\nKeywords :\r\nActivities, Report, Statistic\r\nReviewed and Approved\r\nChaleow.com\r\n(Mrs. Chaleow Sawatpeera) Humanities Department, Faculty of Arts and Science\r\n', 'ห้องสืบค้น'),
(0200, '2558', 02, 'ระบบจัดการงานปกครอง และงานแนะแนวของสถานศึกษาในสังกัด สํานักงานคณะกรรมการการอาชีวศึกษา', 'กรณีศึกษากระบวนการจัดการงานปกครองและงานแนะแนวนักศึกษาที่วิทยาลัยเทคนิค กันทรจากลักษ์ ในสังกัดสํานักงานคณะกรรมการการอาชีวศึกษา เจ้าหน้าที่งานปกครองจะบันทึก ประวัติความประพฤติลงในเอกสารและสรุปผลคะแนนความประพฤติ เจ้าหน้าที่งานแนะแนวจะ รวบรวมข้อมูลนักศึกษาที่จบการศึกษาและข้อมูลหลังจบการศึกษา เพื่อสรุปผลจํานวนผู้จบ การศึกษา ทํางานและศึกษาต่อ ทําให้การตรวจสอบและสืบค้นข้อมูลย้อนหลังมีขั้นตอนมากและไม่ สะดวกในการดําเนินงาน\r\nจากปัญหาดังกล่าวจึงได้จัดทําระบบจัดการงานปกครอง และงานแนะแนวออนไลน์ เพื่อให้ กระบวนการทํางานของระบบงานปกครองและงานแนะแนวมีความสะดวกและคล่องตัวมากขึ้น โดยระบบสามารถบันทึกประวัติความประพฤติ สรุปผลคะแนนความประพฤติ บันทึกข้อมูล นักศึกษาที่จบการศึกษาข้อมูลหลังจบการศึกษา สรุปผลจํานวนผู้จบการศึกษา ทํางานและศึกษาต่อ และการนําเสนอข้อมูลเป็นปัจจุบันเสมอ\r\nจากผลการทดสอบการทํางานของระบบพบว่า การทํางานของระบบถูกต้องตามขอบเขตของ งาน 89.17 เปอร์เซ็นต์ ความพึงพอใจของผู้ใช้งานระบบมีค่าเฉลี่ย 4.74 และค่าเบี่ยงเบนมาตรฐาน 0.48 ซึ่งแสดงค่าแปรผันอยู่ในเกณฑ์ดีมาก โดยวัดจากระดับความพึงพอใจของผู้ใช้งานระบบ 5 ระดับ\r\nคําสําคัญ : งานปกครอง งานแนะแนว\r\n', 'Administration and Student Consultation Management System of College Vocational Education Commission\r\n', 'Due to the case study the Administration and Student Consultation management at Kantharalak Technical College, most of the evaluation processes were presented and collected on paper-based documents. The processes consist of recording data, evaluating and reporting data that have been done by Administration officers. Then the data are transferred to Student Consultation officers for the graduated evaluation and static recording of the student employments after the graduation. These processes were time-consuming and inconvenient for managing and searching the data.\r\nTherefore the project was conducted an online system for the Administration and Student Consultation management at Kantharalak Technical College. The online system can record, conclude and report all the student data both before and after their graduation. All the information can be reported in real time. The results of the program testing have shown that the system operated effectively and meet the staffs\' requirements. The percentage of the system accuracy is 89.17 %. The users\' satisfaction rate is very good (7 = 4.74 from 5, SD = 0.48).\r\nKeyword : Administration, Student Consultation\r\n', 'ห้องสืบค้น'),
(0229, '2559', 02, 'แอปพลิเคชันสื่อการเรียนเรื่องระบบสุริยะจักรวาลโดยใช้เทคโนโลยี ผสานความจริงเสมือน บนระบบปฏิบัติการแอนดรอยด์', 'ปริญญานิพนธ์นี้มีวัตถุประสงค์เพื่อเป็นการส่งเสริมการเรียนรู้ และให้ความรู้แก่ผู้ที่มา เยี่ยมชมหอดูดาวเฉลิมพระเกียรติ 7 รอบพระชนมพรรษา นครราชสีมา ซึ่งนําเสนอในรูปแบบ แอปพลิเคชันที่ทํางานบนระบบปฏิบัติการแอนดรอยด์ และได้มีการใช้เทคโนโลยีผสานความจริง เสมือนที่สามารถแสดงโมเดล 3 มิติ ลอยอยู่เหนือพื้นผิวจริง มาใช้ในการนําเสนอเพื่อให้ผู้เยี่ยมชม ได้เห็นและเรียนรู้ด้วยภาพและเสียงที่ดียิ่งขึ้น ด้วยการใช้ภาษาซีชาร์ปในการกําหนดการทํางานของ แอปพลิเคชัน โดยใช้ไลบรารีวูโฟเรียในการสร้างแอปพลิเคชัน\r\nโดยในการทดสอบการใช้งานแอปพลิเคชันสื่อการเรียนเรื่องระบบสุริยะจักรวาลโดยใช้ เทคโนโลยีผสานความจริงเสมือน บนระบบปฏิบัติการแอนดรอยด์ สามารถใช้งานได้ในระดับดี โดยคิดจากค่าเฉลี่ยผู้ใช้งานแอปพลิเคชันที่ได้ทําการใช้งาน และการประเมินประสิทธิภาพการ ทํางานของแอปพลิเคชันสื่อการเรียนเรื่องระบบสุริยะจักรวาลโดยใช้เทคโนโลยีผสานความจริง เสมือน บนระบบปฏิบัติการแอนดรอยด์\r\nคําสําคัญ : แอปพลิเคชัน ระบบปฏิบัติการแอนดรอยด์ เทคโนโลยีผสานความจริงเสมือน\r\nระบบสุริยะจักรวาล\r\n', 'Android Application for Learning Solar System with Augmented Reality Technology', 'This project are promoting learning and educating the people who visit the Regional Observatory for the Public, Nakhon Ratchasima, presented as a mobile application that run on the Android operating system. And use augmented reality, the technology that combine virtual and reality together, the 3D models can actually float above the surface for a presentation, so visitors can learn through images and sounds even better. An application is developed by using C# language and the library vuforia to build application.\r\nIn the performance testing of application can be effectively used as expected. Evaluation obtains from the average visitors who visit the Regional Observatory for the Public, Nakhon Ratchasima.\r\nKeywords: Solar System, Augmente Reality Technology, Android Operating System,\r\nApplication\r\n', 'ห้องสืบค้น'),
(0231, '2559', 02, 'โปรแกรมตรวจข้อสอบปรนัยโดยใช้วิธีประมวลผลภาพด้วยสแกนเนอร์', 'ในกระบวนการเรียนการสอนต้องมีการวัดประเมินผลการเรียนของนักศึกษามี 2 รูปแบบ คือ 1. แบบปรนัย 2. แบบอัตนัย ซึ่งข้อสอบที่ใช้วัดผลที่มีความเร็วในการตรวจ และสามารถนําไป วิเคราะห์ข้อสอบ ส่วนใหญ่เป็นข้อสอบแบบปรนัย อันเป็นที่มาของการวิจัยนี้ เพื่อลดปัญหาความ ล่าช้าในการตรวจข้อสอบปรนัย และให้ผลข้อมูลที่พร้อมจะนําใช้ต่อในกระบวนการวิเคราะห์ ข้อสอบ โดยนําวิธีการประมวลผลภาพใช้ในการวิเคราะห์ และรับข้อมูลจากสแกนเนอร์แบบป้อน กระดาษอัตโนมัติ\r\nจากวิธีการศึกษาดังกล่าวได้ทดสอบกับแบบจําลองได้ผลความแม่นยําร้อยละ 97 สรุปได้ว่า ในกระบวนการตรวจนี้ลดเวลาในการตรวจคิดเป็นประสิทธิภาพที่เพิ่มขึ้น 12.4 เท่า เมื่อเทียบกับ การตรวจด้วยมือ ทําให้นักศึกษาทราบผลคะแนนสอบกลางภาคเร็วขึ้น การวางแผนถอนรายวิชา และ วางแผนการเรียนไม่ผิดพลาด\r\nคําสําคัญ : ข้อสอบปรนัย การประมวลผลภาพ เครื่องตรวจข้อสอบ\r\n', 'Multiple-Choice Exam Detector Base On Image Processing ', 'In the learning process, it must be measured and be evaluated by the learning outcomes of students. The examination has two formats, multiple-choice and subjective. This examination is used to measure the speed and the ability to analyze the examination. Frequently, examination is in multiple-choice format, which is the point of this paper. To reduce the process of delays in the multiple-choice exam, and export the resulting data that will be used in the process of analyzing the test. The image processing will be applied to analyze all information, and get data from the automatic scanner document feeder. In this methods of testing, models have 97% accuracy rate. Therefore we conclude that this process can reduce the time of both the instructor and the students to know the results of the midterm examination in a faster way. As a result, students planned withdrawn subjects and planning without mistakes.\r\nKeywords : Multiple-Choice Exam, Image Processing, Multiple-Choice Exam Detector\r\n', 'ห้องสืบค้น'),
(0233, '2559', 02, 'ระบบควบคุมการผลิตไฟฟ้าจากโซล่าเซลล์จ่ายคืนสายส่งผ่าน เครือข่ายโทรศัพท์มือถือ', 'ปริญญานิพนธ์นี้เป็นการสร้างระบบควบคุมการผลิตไฟฟ้าจากโซล่าเซลล์จ่ายคืนสาย ส่งผ่านเครือข่ายโทรศัพท์มือถือ สามารถใช้โทรศัพท์มือถือควบคุมการทํางานของระบบโดยการส่ง ข้อความ SMS แสดงหน่วยของมิเตอร์ไฟฟ้าในเวลาปัจจุบัน และสั่งงานรีเลย์แบบสารกึ่งตัวนําเปิด ปิดระบบการจ่ายไฟฟ้าที่ผลิตได้จากโซล่าเซลล์จ่ายคืนสายส่ง เพื่อควบคุมไม่ให้ค่าหน่วยของ มิเตอร์ไฟฟ้าติดลบ โดยใช้หลักการนํามิเตอร์โครงงานเทียบกับมิเตอร์การไฟฟ้า ใช้อุปกรณ์ ตรวจจับแสง LDR จับค่าแสงตําแหน่งที่กําหนดบนจานหมุนของมิเตอร์ ประมวลผลด้วย ไมโครคอนโทรลเลอร์อาคุยโน่ ยูโน่ ในการทดสอบสั่งงานใช้เวลาเฉลี่ยในการเปิดระบบ 24.77 วินาที เวลาเฉลี่ยในการปิดระบบ 24,95 วินาที การแสดงหน่วยของมิเตอร์ไฟฟ้าใช้เวลาเฉลี่ย 40. 20 วินาที และมีความคลาดเคลื่อนหน่วยของมิเตอร์โครงงานกับมิเตอร์การไฟฟ้าเฉลี่ย 0.01 %\r\nคําสําคัญ โซล่าเซลล์ จ่ายคืน โทรศัพท์มือถือ\r\n', 'A Controllable of Electricity from Solar Cells Repaid Transmission via The Mobile Phones', 'This thesis present a controllable of electricity from solar cells repaid transmission via mobile phones. It\'s can be controlled via SMS of mobile phones define to shows power units now, operating solid state relay to on-off solar system, it\'s not over units by comparison synchronizing simulator meter with PEA meter, employ checking direction rotates using microcontroller arduino uno, process from LDR turntable. The results of tester are that : the system to operated average 24.77 S., average system closed 24.94 S.. shows power unit 40.20 S. And the error of simulation meter and PEA meter average 0.01%\r\nKeyword : Solar Cells, Repaid, Mobile Phones\r\n', 'ห้องสืบค้น'),
(0235, '2559', 01, 'เครื่องควบคุมแผงโซล่าเซลล์ตามทิศทางแสงอาทิตย์ด้วย ไมโครคอนโทรลเลอร์ อาคุยโน่', 'ปริญญานิพนธ์นี้เป็นการสร้างเครื่องควบคุมแผงโซล่าเซลล์ตามแสงอาทิตย์ด้วย ไมโครคอนโทรลเลอร์ อาคุยโน่ ที่สามารถควบคุมการทํางานด้วยชุดตรวจจับแสง LDR ทําการ สั่งหมุนแผงโซล่าเซลล์ให้ตั้งฉากกับแสงอาทิตย์ เพื่อให้รับแสงได้มากกว่าแผงโซล่าเซลล์แบบไม่ ตามแสงอาทิตย์ สามารถวัดกําลังไฟฟ้าพร้อมบันทึกผลลงในหน่วยความจํา ช่วงเวลาที่นําผลการ วัดกําลังไฟฟ้ามาเปรียบเทียบใช้ตั้งแต่ 07.00 ถึง 17.00 น. สามารถวัดกําลังไฟฟ้าระบบตามแสง เฉลี่ยที่ 1426.77 วัตต์ต่อ 10 ชั่วโมง และแบบไม่ตามแสงเฉลี่ยที่ 840.98 วัตต์ต่อ 10 ชั่วโมง จะ เห็นได้ว่าระบบตามแสงมีประสิทธิภาพมากกว่าเฉลี่ย 585.78 วัตต์ต่อ 10 ชั่วโมง คิดเป็นร้อยละ 41.05\r\nคําสําคัญ : อาคุยโน่ โซล่าเซลล์ แอลดีอาร์\r\n', 'A Controllable Solar Tracking Using Arduino.', 'This thesis presents a controllable of solar tracking using arduino. It\'s can be controlled by a light sensor LDR, to rotate the solar panels perpendicular to the sun, to get light more than\r\nuntracking, measurable power in data locker. At 7:00 am. to 17:00 pm. The power meter\r\nmeasurements were compared tacking and untracking, the average power 1426.77 watts/10\r\nhours and 840.98 watts/10 hours. It can be seen that the tracking is more effective than 585.78\r\nwatts/10 hours equal 41.05 percent.\r\nKeywords: Ardiuno, Solar Cell, LDR\r\n', 'ห้องสืบค้น'),
(0237, '2559', 01, 'เครื่องฟอกอากาศควบคุมด้วยไมโครคอนโทรลเลอร์และเว็บเซอร์วิสแบบ ไร้สาย ', 'ปริญญานิพนธ์เล่มนี้มีวัตถุประสงค์เพื่อออกแบบ และสร้างเครื่องฟอกอากาศควบคุมด้วย ไมโครคอนโทรลเลอร์และเว็บเซอร์วิสแบบไร้สาย ทางกลุ่มของข้าพเจ้าจึงได้ศึกษาทฤษฎีเกี่ยวกับ อุปกรณ์ที่จะนํามาสร้างเครื่องฟอกอากาศควบคุมด้วยไมโครคอนโทรลเลอร์และเว็บเซอร์วิสแบบไร้ สาย และได้คิดค้นออกแบบเครื่องฟอกอากาศควบคุมด้วยไมโครคอนโทรลเลอร์และเว็บเซอร์วิส แบบไร้สายขึ้น เพื่อช่วยในการเพิ่มประสิทธิภาพของเครื่องฟอกอากาศให้สูงขึ้น โดยมีเซนเซอร์ ตรวจจับ ความชื้น อุณหภูมิ ฝุ่น และแก๊สที่เป็นอันตรายต่อร่างกายมนุษย์ อีกทั้งยังมีเซนเซอร์ ตรวจจับความเคลื่อนไหวของสิ่งมีชีวิต ซึ่งสามารถสั่งงานผ่านตัวเครื่องหรือเว็บเซอร์วิสได้ เพื่อ เป็นการเพิ่มความสะดวกแก่ผู้ใช้งาน เมื่อทําการออกแบบและสร้างเสร็จ ทางกลุ่มของข้าพเจ้าได้ทํา การทดลองเครื่องฟอกอากาศควบคุมด้วยไมโครคอนโทรลเลอร์และเว็บเซอร์วิสแบบไร้สาย โดยจะ ยกตัวอย่างการทดลองมาพอสังเขป โดยจะนําเครื่องฟอกอากาศ ไปทดลองที่ห้องขนาดไม่เกิน 60 ลูกบาศก์เมตร จะใช้กระบอกฉีดน้ํา หัวแร้งบัดกรี แป้งฝุ่น ทินเนอร์ มาใช้ในการตรวจสอบค่า ความชื้น อุณหภูมิ ฝุ่น และแก๊สที่เป็นอันตรายต่อร่างกายมนุษย์ ว่ามีการทํางานของเซนเซอร์แต่ ละเซนเซอร์หรือไม่ จากการทดลองพบว่าค่าเซนเซอร์แต่ละตัวมีการเปลี่ยนแปลงค่าทุกครั้งเมื่อนํา ตัวทดลองทั้ง 4 ประเภทมาทดสอบ\r\nสรุปผลการทดลองการใช้งานเครื่องฟอกอากาศควบคุมด้วยไมโครคอนโทรลเลอร์และเว็บ เซอร์วิสแบบไร้สายทั้งระบบ สามารถใช้งานได้เป็นอย่างดี คิดจากเปอร์เซ็นต์เฉลี่ยโดยรวมในการ ทดสอบทั้งระบบสามารถทํางานได้ถึง 97 เปอร์เซ็นต์\r\nคําสําคัญ : เครื่องฟอกอากาศ ควบคุมด้วยไมโครคอนโทรลเลอร์ ควบคุมผ่านเว็บเซอร์วิส\r\n', 'Air Purifier Controller by Microcontroller and Wi-Fi Web Service ', 'Thesis aims to design and create air purifiers controlled by a microcontroller and a wireless Web services. The group has studied the theory about the device on which to create an air purifier controlled by a microcontroller and a wireless Web services and has developed an air purifier designed controlled by a microcontroller and a wireless Web services. To assist in the optimization of air purifier performance. The sensors detect temperature, humidity, dust and gases that are harmful to the human body. It also has sensors to detect movement of an organism. Which can be Control Via the machine or Web services. To increase the convenience to the user. When designing and building complete when my group has testing air purifiers controlled by a microcontroller and a wireless Web services. It is an experimental briefly. This will be an air purifier The trial chamber no larger than 60 cubic meters. Water to the sprayer. Soldering iron, powder thinners using to determine the temperature, humidity, dust and gases that are harmful to the human body. That is the function of the all sensor is working. The results showed that the value of each sensor has changed the every time when the four types of experimental tests. Conclusion Using air purifiers is controlled by a microcontroller and a wireless Web services system. Can be used as well. A percentage of average total test system can run up to 97 percent.\r\nKeywords: Air Purifier, Microcontroller, Web Service\r\n', 'ห้องสืบค้น'),
(0239, '2559', 02, 'ระบบบันทึกข้อมูลอุณหภูมิและกําลังไฟฟ้า', 'ปริญญานิพนธ์ระบบบันทึกข้อมูลอุณหภูมิและกําลังไฟฟ้า มีจุดประสงค์เพื่อทําเครื่องมือวัด และทดสอบการผลิตไฟฟ้าด้วยเทอร์โมอิเล็กทริก ใช้เทอร์โมคัปเปิลเป็นตัววัดอุณหภูมิ มีคุณลักษณะสามารถบันทึกผลลงใน SD Card เป็นไฟล์นามสกุล TXT และใช้โปรแกรมประยุกต์ ที่พัฒนาด้วย Visual C# ในการแสดงผลข้อมูลเป็นแบบกราฟ เพื่อเปรียบเทียบอุณหภูมิและ กําลังไฟฟ้า อีกทั้งยังสามารถบันทึกกราฟของข้อมูลเป็นไฟล์นามสกุล PDF ได้ นอกจากนี้ยังมีการ ทดสอบวัดอุณหภูมิเทียบกับอุปกรณ์วัดมาตรฐาน เพื่อเทียบประสิทธิภาพในการทํางานของระบบ บันทึกข้อมูล โดยมีค่าความคลาดเคลื่อนการทดสอบอุณหภูมิ 0.24% และการทดสอบค่า แรงดันไฟฟ้า 0.36% และสามารถเรียกดูข้อมูลย้อนหลังได้\r\nคําสําคัญ : ระบบบันทึกข้อมูล อุณหภูมิ กําลังไฟฟ้า แรงดันไฟฟ้า เทอร์โมอิเล็กทริก\r\nเทอร์โมคัปเปิล SD Card\r\n', 'Temperature and Electric Power Data Logger System', 'The thesis temperature and electric power data logger system. The intended measuring and electric tester using thermocouple. It\'s feature are that : recorder txt files and development by C#, graphs comparing temperatures and electrical power and recording to PDF files. Moreover, compared with standard testing tools compared to the performance of the data recorded, discrepancy in temperature 0.24% and in voltage 0.36% and call back data.\r\nKeyword : Data Logger Temperature Power Voltage Thermoelectric Thermocouple\r\nSD Card\r\n', 'ห้องสืบค้น');

-- --------------------------------------------------------

--
-- Table structure for table `titlename`
--

CREATE TABLE `titlename` (
  `TitleNameID` tinyint(2) UNSIGNED ZEROFILL NOT NULL,
  `TitleName_Th` varchar(100) DEFAULT NULL,
  `TitleName_En` varchar(100) DEFAULT NULL
) ENGINE=InnoDB DEFAULT CHARSET=utf8;

--
-- Dumping data for table `titlename`
--

INSERT INTO `titlename` (`TitleNameID`, `TitleName_Th`, `TitleName_En`) VALUES
(01, 'นาย', 'Mr.'),
(02, 'นาง', 'Mrs.'),
(03, 'นางสาว', 'Miss.'),
(04, 'ดร.', 'Dr.'),
(05, 'ผศ.', 'Asst.Prof.'),
(06, 'รศ.', 'Assoc.Prof.'),
(07, 'ศ.', 'Prof.'),
(08, 'ผศ.ดร.', 'Asst.Prof.Dr.'),
(09, 'รศ.ดร.', 'Assoc.Prof.Dr.'),
(10, 'ศ.ดร.', 'Prof.Dr.'),
(11, 'ว่าที่ ร.ต.', 'SubLt.Mr.'),
(12, 'ว่าที่ ร.ต.หญิง', 'SubLt.Mrs.'),
(13, 'ส.อ.', 'SGT.');

--
-- Indexes for dumped tables
--

--
-- Indexes for table `admin`
--
ALTER TABLE `admin`
  ADD PRIMARY KEY (`AdminID`),
  ADD KEY `TitleName` (`TitleName`);

--
-- Indexes for table `advisor`
--
ALTER TABLE `advisor`
  ADD PRIMARY KEY (`AdvisorID`),
  ADD KEY `TitleName_En` (`TitleName`),
  ADD KEY `Department` (`Department`),
  ADD KEY `Facuty` (`Faculty`);

--
-- Indexes for table `category`
--
ALTER TABLE `category`
  ADD PRIMARY KEY (`CategoryID`);

--
-- Indexes for table `course`
--
ALTER TABLE `course`
  ADD PRIMARY KEY (`CourseID`);

--
-- Indexes for table `department`
--
ALTER TABLE `department`
  ADD PRIMARY KEY (`DepartmentID`);

--
-- Indexes for table `department_course`
--
ALTER TABLE `department_course`
  ADD PRIMARY KEY (`Course`,`Department`),
  ADD KEY `Department` (`Department`,`Course`);

--
-- Indexes for table `faculty`
--
ALTER TABLE `faculty`
  ADD PRIMARY KEY (`FacultyID`);

--
-- Indexes for table `member`
--
ALTER TABLE `member`
  ADD PRIMARY KEY (`MemID`),
  ADD KEY `MemType` (`MemType`,`TitleName`),
  ADD KEY `Facuty` (`Faculty`,`Department`),
  ADD KEY `Department` (`Department`),
  ADD KEY `Facuty_2` (`Faculty`,`Department`),
  ADD KEY `Mem_Title` (`TitleName`);

--
-- Indexes for table `membertype`
--
ALTER TABLE `membertype`
  ADD PRIMARY KEY (`MemberTypeID`);

--
-- Indexes for table `provider`
--
ALTER TABLE `provider`
  ADD PRIMARY KEY (`ProviderID`),
  ADD KEY `TitleName_En` (`TitleName`,`Department`),
  ADD KEY `Facuty` (`Faculty`),
  ADD KEY `Course` (`Course`),
  ADD KEY `Provider_Dept` (`Department`),
  ADD KEY `Thesis` (`Thesis`);

--
-- Indexes for table `provider_advisor`
--
ALTER TABLE `provider_advisor`
  ADD PRIMARY KEY (`Provider`,`Advisor`),
  ADD KEY `Provider` (`Provider`,`Advisor`),
  ADD KEY `Status` (`Status`,`Status_Addess`),
  ADD KEY `ProAdvi_Advi` (`Advisor`),
  ADD KEY `Provider_Stad` (`Status_Addess`);

--
-- Indexes for table `status`
--
ALTER TABLE `status`
  ADD PRIMARY KEY (`StatusID`);

--
-- Indexes for table `thesis`
--
ALTER TABLE `thesis`
  ADD PRIMARY KEY (`ThesisID`),
  ADD KEY `CategoryTh` (`Category`);

--
-- Indexes for table `titlename`
--
ALTER TABLE `titlename`
  ADD PRIMARY KEY (`TitleNameID`);

--
-- AUTO_INCREMENT for dumped tables
--

--
-- AUTO_INCREMENT for table `advisor`
--
ALTER TABLE `advisor`
  MODIFY `AdvisorID` tinyint(4) UNSIGNED ZEROFILL NOT NULL AUTO_INCREMENT, AUTO_INCREMENT=32;
--
-- AUTO_INCREMENT for table `category`
--
ALTER TABLE `category`
  MODIFY `CategoryID` tinyint(2) UNSIGNED ZEROFILL NOT NULL AUTO_INCREMENT, AUTO_INCREMENT=46;
--
-- AUTO_INCREMENT for table `course`
--
ALTER TABLE `course`
  MODIFY `CourseID` tinyint(2) UNSIGNED ZEROFILL NOT NULL AUTO_INCREMENT, AUTO_INCREMENT=3;
--
-- AUTO_INCREMENT for table `membertype`
--
ALTER TABLE `membertype`
  MODIFY `MemberTypeID` tinyint(2) UNSIGNED ZEROFILL NOT NULL AUTO_INCREMENT, AUTO_INCREMENT=5;
--
-- AUTO_INCREMENT for table `provider`
--
ALTER TABLE `provider`
  MODIFY `ProviderID` tinyint(4) UNSIGNED ZEROFILL NOT NULL AUTO_INCREMENT, AUTO_INCREMENT=197;
--
-- AUTO_INCREMENT for table `status`
--
ALTER TABLE `status`
  MODIFY `StatusID` tinyint(2) UNSIGNED ZEROFILL NOT NULL AUTO_INCREMENT, AUTO_INCREMENT=5;
--
-- AUTO_INCREMENT for table `titlename`
--
ALTER TABLE `titlename`
  MODIFY `TitleNameID` tinyint(2) UNSIGNED ZEROFILL NOT NULL AUTO_INCREMENT, AUTO_INCREMENT=14;
--
-- Constraints for dumped tables
--

--
-- Constraints for table `admin`
--
ALTER TABLE `admin`
  ADD CONSTRAINT `Admin_Title` FOREIGN KEY (`TitleName`) REFERENCES `titlename` (`TitleNameID`);

--
-- Constraints for table `advisor`
--
ALTER TABLE `advisor`
  ADD CONSTRAINT `Advisor_Dept` FOREIGN KEY (`Department`) REFERENCES `department` (`DepartmentID`),
  ADD CONSTRAINT `Advisor_Fac` FOREIGN KEY (`Faculty`) REFERENCES `faculty` (`FacultyID`),
  ADD CONSTRAINT `Advisor_Title` FOREIGN KEY (`TitleName`) REFERENCES `titlename` (`TitleNameID`);

--
-- Constraints for table `department_course`
--
ALTER TABLE `department_course`
  ADD CONSTRAINT `DeptCos_Cos` FOREIGN KEY (`Course`) REFERENCES `course` (`CourseID`),
  ADD CONSTRAINT `DeptCos_Dept` FOREIGN KEY (`Department`) REFERENCES `department` (`DepartmentID`);

--
-- Constraints for table `member`
--
ALTER TABLE `member`
  ADD CONSTRAINT `Mem_Dept` FOREIGN KEY (`Department`) REFERENCES `department` (`DepartmentID`),
  ADD CONSTRAINT `Mem_Fac` FOREIGN KEY (`Faculty`) REFERENCES `faculty` (`FacultyID`),
  ADD CONSTRAINT `Mem_Title` FOREIGN KEY (`TitleName`) REFERENCES `titlename` (`TitleNameID`),
  ADD CONSTRAINT `Mem_type` FOREIGN KEY (`MemType`) REFERENCES `membertype` (`MemberTypeID`);

--
-- Constraints for table `provider`
--
ALTER TABLE `provider`
  ADD CONSTRAINT `Provider_Cos` FOREIGN KEY (`Course`) REFERENCES `course` (`CourseID`),
  ADD CONSTRAINT `Provider_Dept` FOREIGN KEY (`Department`) REFERENCES `department` (`DepartmentID`),
  ADD CONSTRAINT `Provider_Fac` FOREIGN KEY (`Faculty`) REFERENCES `faculty` (`FacultyID`),
  ADD CONSTRAINT `Provider_TiName` FOREIGN KEY (`TitleName`) REFERENCES `titlename` (`TitleNameID`),
  ADD CONSTRAINT `Provider_thesis` FOREIGN KEY (`Thesis`) REFERENCES `thesis` (`ThesisID`);

--
-- Constraints for table `provider_advisor`
--
ALTER TABLE `provider_advisor`
  ADD CONSTRAINT `ProAdvi_Advi` FOREIGN KEY (`Advisor`) REFERENCES `advisor` (`AdvisorID`),
  ADD CONSTRAINT `ProAdvi_Pro` FOREIGN KEY (`Provider`) REFERENCES `provider` (`ProviderID`),
  ADD CONSTRAINT `ProAdvi_St` FOREIGN KEY (`Status`) REFERENCES `status` (`StatusID`),
  ADD CONSTRAINT `ProAdvi_Staddess` FOREIGN KEY (`Status_Addess`) REFERENCES `status` (`StatusID`);

--
-- Constraints for table `thesis`
--
ALTER TABLE `thesis`
  ADD CONSTRAINT `Thesis_Cat` FOREIGN KEY (`Category`) REFERENCES `category` (`CategoryID`);

/*!40101 SET CHARACTER_SET_CLIENT=@OLD_CHARACTER_SET_CLIENT */;
/*!40101 SET CHARACTER_SET_RESULTS=@OLD_CHARACTER_SET_RESULTS */;
/*!40101 SET COLLATION_CONNECTION=@OLD_COLLATION_CONNECTION */;
